行番号,部署,金額,割合,日付
1,営業二課,1234,7.1%,2026-02-02
2,開発部,2468,14.2%,2026-03-03
3,管理部,3702,21.3%,2026-04-04
4,広報,4936,28.4%,2026-05-05
5,営業一課,6170,35.5%,2026-06-06
6,営業二課,7404,42.6%,2026-07-07
7,開発部,8638,49.7%,2026-08-08
8,管理部,9872,56.8%,2026-09-09
9,広報,11106,63.9%,2026-10-10
10,営業一課,12340,70.0%,2026-11-11
11,営業二課,13574,77.1%,2026-12-12
12,開発部,14808,84.2%,2026-01-13
13,管理部,16042,91.3%,2026-02-14
14,広報,17276,98.4%,2026-03-15
15,営業一課,18510,5.5%,2026-04-16
16,営業二課,19744,12.6%,2026-05-17
17,開発部,20978,19.7%,2026-06-18
18,管理部,22212,26.8%,2026-07-19
19,広報,23446,33.9%,2026-08-20
20,営業一課,24680,40.0%,2026-09-21
21,営業二課,25914,47.1%,2026-10-22
22,開発部,27148,54.2%,2026-11-23
23,管理部,28382,61.3%,2026-12-24
24,広報,29616,68.4%,2026-01-25
25,営業一課,30850,75.5%,2026-02-26
26,営業二課,32084,82.6%,2026-03-27
27,開発部,33318,89.7%,2026-04-28
28,管理部,34552,96.8%,2026-05-01
29,広報,35786,3.9%,2026-06-02
30,営業一課,37020,10.0%,2026-07-03
31,営業二課,38254,17.1%,2026-08-04
32,開発部,39488,24.2%,2026-09-05
33,管理部,40722,31.3%,2026-10-06
34,広報,41956,38.4%,2026-11-07
35,営業一課,43190,45.5%,2026-12-08
36,営業二課,44424,52.6%,2026-01-09
37,開発部,45658,59.7%,2026-02-10
38,管理部,46892,66.8%,2026-03-11
39,広報,48126,73.9%,2026-04-12
40,営業一課,49360,80.0%,2026-05-13
41,営業二課,50594,87.1%,2026-06-14
42,開発部,51828,94.2%,2026-07-15
43,管理部,53062,1.3%,2026-08-16
44,広報,54296,8.4%,2026-09-17
45,営業一課,55530,15.5%,2026-10-18
46,営業二課,56764,22.6%,2026-11-19
47,開発部,57998,29.7%,2026-12-20
48,管理部,59232,36.8%,2026-01-21
49,広報,60466,43.9%,2026-02-22
50,営業一課,61700,50.0%,2026-03-23
51,営業二課,62934,57.1%,2026-04-24
52,開発部,64168,64.2%,2026-05-25
53,管理部,65402,71.3%,2026-06-26
54,広報,66636,78.4%,2026-07-27
55,営業一課,67870,85.5%,2026-08-28
56,営業二課,69104,92.6%,2026-09-01
57,開発部,70338,99.7%,2026-10-02
58,管理部,71572,6.8%,2026-11-03
59,広報,72806,13.9%,2026-12-04
60,営業一課,74040,20.0%,2026-01-05
61,営業二課,75274,27.1%,2026-02-06
62,開発部,76508,34.2%,2026-03-07
63,管理部,77742,41.3%,2026-04-08
64,広報,78976,48.4%,2026-05-09
65,営業一課,80210,55.5%,2026-06-10
66,営業二課,81444,62.6%,2026-07-11
67,開発部,82678,69.7%,2026-08-12
68,管理部,83912,76.8%,2026-09-13
69,広報,85146,83.9%,2026-10-14
70,営業一課,86380,90.0%,2026-11-15
71,営業二課,87614,97.1%,2026-12-16
72,開発部,88848,4.2%,2026-01-17
73,管理部,90082,11.3%,2026-02-18
74,広報,91316,18.4%,2026-03-19
75,営業一課,92550,25.5%,2026-04-20
76,営業二課,93784,32.6%,2026-05-21
77,開発部,95018,39.7%,2026-06-22
78,管理部,96252,46.8%,2026-07-23
79,広報,97486,53.9%,2026-08-24
80,営業一課,98720,60.0%,2026-09-25
81,営業二課,99954,67.1%,2026-10-26
82,開発部,101188,74.2%,2026-11-27
83,管理部,102422,81.3%,2026-12-28
84,広報,103656,88.4%,2026-01-01
85,営業一課,104890,95.5%,2026-02-02
86,営業二課,106124,2.6%,2026-03-03
87,開発部,107358,9.7%,2026-04-04
88,管理部,108592,16.8%,2026-05-05
89,広報,109826,23.9%,2026-06-06
90,営業一課,111060,30.0%,2026-07-07
91,営業二課,112294,37.1%,2026-08-08
92,開発部,113528,44.2%,2026-09-09
93,管理部,114762,51.3%,2026-10-10
94,広報,115996,58.4%,2026-11-11
95,営業一課,117230,65.5%,2026-12-12
96,営業二課,118464,72.6%,2026-01-13
97,開発部,119698,79.7%,2026-02-14
98,管理部,120932,86.8%,2026-03-15
99,広報,122166,93.9%,2026-04-16
100,営業一課,123400,0.0%,2026-05-17
101,営業二課,124634,7.1%,2026-06-18
102,開発部,125868,14.2%,2026-07-19
103,管理部,127102,21.3%,2026-08-20
104,広報,128336,28.4%,2026-09-21
105,営業一課,129570,35.5%,2026-10-22
106,営業二課,130804,42.6%,2026-11-23
107,開発部,132038,49.7%,2026-12-24
108,管理部,133272,56.8%,2026-01-25
109,広報,134506,63.9%,2026-02-26
110,営業一課,135740,70.0%,2026-03-27
111,営業二課,136974,77.1%,2026-04-28
112,開発部,138208,84.2%,2026-05-01
113,管理部,139442,91.3%,2026-06-02
114,広報,140676,98.4%,2026-07-03
115,営業一課,141910,5.5%,2026-08-04
116,営業二課,143144,12.6%,2026-09-05
117,開発部,144378,19.7%,2026-10-06
118,管理部,145612,26.8%,2026-11-07
119,広報,146846,33.9%,2026-12-08
120,営業一課,148080,40.0%,2026-01-09
121,営業二課,149314,47.1%,2026-02-10
122,開発部,150548,54.2%,2026-03-11
123,管理部,151782,61.3%,2026-04-12
124,広報,153016,68.4%,2026-05-13
125,営業一課,154250,75.5%,2026-06-14
126,営業二課,155484,82.6%,2026-07-15
127,開発部,156718,89.7%,2026-08-16
128,管理部,157952,96.8%,2026-09-17
129,広報,159186,3.9%,2026-10-18
130,営業一課,160420,10.0%,2026-11-19
131,営業二課,161654,17.1%,2026-12-20
132,開発部,162888,24.2%,2026-01-21
133,管理部,164122,31.3%,2026-02-22
134,広報,165356,38.4%,2026-03-23
135,営業一課,166590,45.5%,2026-04-24
136,営業二課,167824,52.6%,2026-05-25
137,開発部,169058,59.7%,2026-06-26
138,管理部,170292,66.8%,2026-07-27
139,広報,171526,73.9%,2026-08-28
140,営業一課,172760,80.0%,2026-09-01
141,営業二課,173994,87.1%,2026-10-02
142,開発部,175228,94.2%,2026-11-03
143,管理部,176462,1.3%,2026-12-04
144,広報,177696,8.4%,2026-01-05
145,営業一課,178930,15.5%,2026-02-06
146,営業二課,180164,22.6%,2026-03-07
147,開発部,181398,29.7%,2026-04-08
148,管理部,182632,36.8%,2026-05-09
149,広報,183866,43.9%,2026-06-10
150,営業一課,185100,50.0%,2026-07-11
151,営業二課,186334,57.1%,2026-08-12
152,開発部,187568,64.2%,2026-09-13
153,管理部,188802,71.3%,2026-10-14
154,広報,190036,78.4%,2026-11-15
155,営業一課,191270,85.5%,2026-12-16
156,営業二課,192504,92.6%,2026-01-17
157,開発部,193738,99.7%,2026-02-18
158,管理部,194972,6.8%,2026-03-19
159,広報,196206,13.9%,2026-04-20
160,営業一課,197440,20.0%,2026-05-21
161,営業二課,198674,27.1%,2026-06-22
162,開発部,199908,34.2%,2026-07-23
163,管理部,201142,41.3%,2026-08-24
164,広報,202376,48.4%,2026-09-25
165,営業一課,203610,55.5%,2026-10-26
166,営業二課,204844,62.6%,2026-11-27
167,開発部,206078,69.7%,2026-12-28
168,管理部,207312,76.8%,2026-01-01
169,広報,208546,83.9%,2026-02-02
170,営業一課,209780,90.0%,2026-03-03
171,営業二課,211014,97.1%,2026-04-04
172,開発部,212248,4.2%,2026-05-05
173,管理部,213482,11.3%,2026-06-06
174,広報,214716,18.4%,2026-07-07
175,営業一課,215950,25.5%,2026-08-08
176,営業二課,217184,32.6%,2026-09-09
177,開発部,218418,39.7%,2026-10-10
178,管理部,219652,46.8%,2026-11-11
179,広報,220886,53.9%,2026-12-12
180,営業一課,222120,60.0%,2026-01-13
181,営業二課,223354,67.1%,2026-02-14
182,開発部,224588,74.2%,2026-03-15
183,管理部,225822,81.3%,2026-04-16
184,広報,227056,88.4%,2026-05-17
185,営業一課,228290,95.5%,2026-06-18
186,営業二課,229524,2.6%,2026-07-19
187,開発部,230758,9.7%,2026-08-20
188,管理部,231992,16.8%,2026-09-21
189,広報,233226,23.9%,2026-10-22
190,営業一課,234460,30.0%,2026-11-23
191,営業二課,235694,37.1%,2026-12-24
192,開発部,236928,44.2%,2026-01-25
193,管理部,238162,51.3%,2026-02-26
194,広報,239396,58.4%,2026-03-27
195,営業一課,240630,65.5%,2026-04-28
196,営業二課,241864,72.6%,2026-05-01
197,開発部,243098,79.7%,2026-06-02
198,管理部,244332,86.8%,2026-07-03
199,広報,245566,93.9%,2026-08-04
200,営業一課,246800,0.0%,2026-09-05
201,営業二課,248034,7.1%,2026-10-06
202,開発部,249268,14.2%,2026-11-07
203,管理部,250502,21.3%,2026-12-08
204,広報,251736,28.4%,2026-01-09
205,営業一課,252970,35.5%,2026-02-10
206,営業二課,254204,42.6%,2026-03-11
207,開発部,255438,49.7%,2026-04-12
208,管理部,256672,56.8%,2026-05-13
209,広報,257906,63.9%,2026-06-14
210,営業一課,259140,70.0%,2026-07-15
211,営業二課,260374,77.1%,2026-08-16
212,開発部,261608,84.2%,2026-09-17
213,管理部,262842,91.3%,2026-10-18
214,広報,264076,98.4%,2026-11-19
215,営業一課,265310,5.5%,2026-12-20
216,営業二課,266544,12.6%,2026-01-21
217,開発部,267778,19.7%,2026-02-22
218,管理部,269012,26.8%,2026-03-23
219,広報,270246,33.9%,2026-04-24
220,営業一課,271480,40.0%,2026-05-25
221,営業二課,272714,47.1%,2026-06-26
222,開発部,273948,54.2%,2026-07-27
223,管理部,275182,61.3%,2026-08-28
224,広報,276416,68.4%,2026-09-01
225,営業一課,277650,75.5%,2026-10-02
226,営業二課,278884,82.6%,2026-11-03
227,開発部,280118,89.7%,2026-12-04
228,管理部,281352,96.8%,2026-01-05
229,広報,282586,3.9%,2026-02-06
230,営業一課,283820,10.0%,2026-03-07
231,営業二課,285054,17.1%,2026-04-08
232,開発部,286288,24.2%,2026-05-09
233,管理部,287522,31.3%,2026-06-10
234,広報,288756,38.4%,2026-07-11
235,営業一課,289990,45.5%,2026-08-12
236,営業二課,291224,52.6%,2026-09-13
237,開発部,292458,59.7%,2026-10-14
238,管理部,293692,66.8%,2026-11-15
239,広報,294926,73.9%,2026-12-16
240,営業一課,296160,80.0%,2026-01-17
241,営業二課,297394,87.1%,2026-02-18
242,開発部,298628,94.2%,2026-03-19
243,管理部,299862,1.3%,2026-04-20
244,広報,301096,8.4%,2026-05-21
245,営業一課,302330,15.5%,2026-06-22
246,営業二課,303564,22.6%,2026-07-23
247,開発部,304798,29.7%,2026-08-24
248,管理部,306032,36.8%,2026-09-25
249,広報,307266,43.9%,2026-10-26
250,営業一課,308500,50.0%,2026-11-27
251,営業二課,309734,57.1%,2026-12-28
252,開発部,310968,64.2%,2026-01-01
253,管理部,312202,71.3%,2026-02-02
254,広報,313436,78.4%,2026-03-03
255,営業一課,314670,85.5%,2026-04-04
256,営業二課,315904,92.6%,2026-05-05
257,開発部,317138,99.7%,2026-06-06
258,管理部,318372,6.8%,2026-07-07
259,広報,319606,13.9%,2026-08-08
260,営業一課,320840,20.0%,2026-09-09
261,営業二課,322074,27.1%,2026-10-10
262,開発部,323308,34.2%,2026-11-11
263,管理部,324542,41.3%,2026-12-12
264,広報,325776,48.4%,2026-01-13
265,営業一課,327010,55.5%,2026-02-14
266,営業二課,328244,62.6%,2026-03-15
267,開発部,329478,69.7%,2026-04-16
268,管理部,330712,76.8%,2026-05-17
269,広報,331946,83.9%,2026-06-18
270,営業一課,333180,90.0%,2026-07-19
271,営業二課,334414,97.1%,2026-08-20
272,開発部,335648,4.2%,2026-09-21
273,管理部,336882,11.3%,2026-10-22
274,広報,338116,18.4%,2026-11-23
275,営業一課,339350,25.5%,2026-12-24
276,営業二課,340584,32.6%,2026-01-25
277,開発部,341818,39.7%,2026-02-26
278,管理部,343052,46.8%,2026-03-27
279,広報,344286,53.9%,2026-04-28
280,営業一課,345520,60.0%,2026-05-01
281,営業二課,346754,67.1%,2026-06-02
282,開発部,347988,74.2%,2026-07-03
283,管理部,349222,81.3%,2026-08-04
284,広報,350456,88.4%,2026-09-05
285,営業一課,351690,95.5%,2026-10-06
286,営業二課,352924,2.6%,2026-11-07
287,開発部,354158,9.7%,2026-12-08
288,管理部,355392,16.8%,2026-01-09
289,広報,356626,23.9%,2026-02-10
290,営業一課,357860,30.0%,2026-03-11
291,営業二課,359094,37.1%,2026-04-12
292,開発部,360328,44.2%,2026-05-13
293,管理部,361562,51.3%,2026-06-14
294,広報,362796,58.4%,2026-07-15
295,営業一課,364030,65.5%,2026-08-16
296,営業二課,365264,72.6%,2026-09-17
297,開発部,366498,79.7%,2026-10-18
298,管理部,367732,86.8%,2026-11-19
299,広報,368966,93.9%,2026-12-20
300,営業一課,370200,0.0%,2026-01-21
301,営業二課,371434,7.1%,2026-02-22
302,開発部,372668,14.2%,2026-03-23
303,管理部,373902,21.3%,2026-04-24
304,広報,375136,28.4%,2026-05-25
305,営業一課,376370,35.5%,2026-06-26
306,営業二課,377604,42.6%,2026-07-27
307,開発部,378838,49.7%,2026-08-28
308,管理部,380072,56.8%,2026-09-01
309,広報,381306,63.9%,2026-10-02
310,営業一課,382540,70.0%,2026-11-03
311,営業二課,383774,77.1%,2026-12-04
312,開発部,385008,84.2%,2026-01-05
313,管理部,386242,91.3%,2026-02-06
314,広報,387476,98.4%,2026-03-07
315,営業一課,388710,5.5%,2026-04-08
316,営業二課,389944,12.6%,2026-05-09
317,開発部,391178,19.7%,2026-06-10
318,管理部,392412,26.8%,2026-07-11
319,広報,393646,33.9%,2026-08-12
320,営業一課,394880,40.0%,2026-09-13
321,営業二課,396114,47.1%,2026-10-14
322,開発部,397348,54.2%,2026-11-15
323,管理部,398582,61.3%,2026-12-16
324,広報,399816,68.4%,2026-01-17
325,営業一課,401050,75.5%,2026-02-18
326,営業二課,402284,82.6%,2026-03-19
327,開発部,403518,89.7%,2026-04-20
328,管理部,404752,96.8%,2026-05-21
329,広報,405986,3.9%,2026-06-22
330,営業一課,407220,10.0%,2026-07-23
331,営業二課,408454,17.1%,2026-08-24
332,開発部,409688,24.2%,2026-09-25
333,管理部,410922,31.3%,2026-10-26
334,広報,412156,38.4%,2026-11-27
335,営業一課,413390,45.5%,2026-12-28
336,営業二課,414624,52.6%,2026-01-01
337,開発部,415858,59.7%,2026-02-02
338,管理部,417092,66.8%,2026-03-03
339,広報,418326,73.9%,2026-04-04
340,営業一課,419560,80.0%,2026-05-05
341,営業二課,420794,87.1%,2026-06-06
342,開発部,422028,94.2%,2026-07-07
343,管理部,423262,1.3%,2026-08-08
344,広報,424496,8.4%,2026-09-09
345,営業一課,425730,15.5%,2026-10-10
346,営業二課,426964,22.6%,2026-11-11
347,開発部,428198,29.7%,2026-12-12
348,管理部,429432,36.8%,2026-01-13
349,広報,430666,43.9%,2026-02-14
350,営業一課,431900,50.0%,2026-03-15
351,営業二課,433134,57.1%,2026-04-16
352,開発部,434368,64.2%,2026-05-17
353,管理部,435602,71.3%,2026-06-18
354,広報,436836,78.4%,2026-07-19
355,営業一課,438070,85.5%,2026-08-20
356,営業二課,439304,92.6%,2026-09-21
357,開発部,440538,99.7%,2026-10-22
358,管理部,441772,6.8%,2026-11-23
359,広報,443006,13.9%,2026-12-24
360,営業一課,444240,20.0%,2026-01-25
361,営業二課,445474,27.1%,2026-02-26
362,開発部,446708,34.2%,2026-03-27
363,管理部,447942,41.3%,2026-04-28
364,広報,449176,48.4%,2026-05-01
365,営業一課,450410,55.5%,2026-06-02
366,営業二課,451644,62.6%,2026-07-03
367,開発部,452878,69.7%,2026-08-04
368,管理部,454112,76.8%,2026-09-05
369,広報,455346,83.9%,2026-10-06
370,営業一課,456580,90.0%,2026-11-07
371,営業二課,457814,97.1%,2026-12-08
372,開発部,459048,4.2%,2026-01-09
373,管理部,460282,11.3%,2026-02-10
374,広報,461516,18.4%,2026-03-11
375,営業一課,462750,25.5%,2026-04-12
376,営業二課,463984,32.6%,2026-05-13
377,開発部,465218,39.7%,2026-06-14
378,管理部,466452,46.8%,2026-07-15
379,広報,467686,53.9%,2026-08-16
380,営業一課,468920,60.0%,2026-09-17
381,営業二課,470154,67.1%,2026-10-18
382,開発部,471388,74.2%,2026-11-19
383,管理部,472622,81.3%,2026-12-20
384,広報,473856,88.4%,2026-01-21
385,営業一課,475090,95.5%,2026-02-22
386,営業二課,476324,2.6%,2026-03-23
387,開発部,477558,9.7%,2026-04-24
388,管理部,478792,16.8%,2026-05-25
389,広報,480026,23.9%,2026-06-26
390,営業一課,481260,30.0%,2026-07-27
391,営業二課,482494,37.1%,2026-08-28
392,開発部,483728,44.2%,2026-09-01
393,管理部,484962,51.3%,2026-10-02
394,広報,486196,58.4%,2026-11-03
395,営業一課,487430,65.5%,2026-12-04
396,営業二課,488664,72.6%,2026-01-05
397,開発部,489898,79.7%,2026-02-06
398,管理部,491132,86.8%,2026-03-07
399,広報,492366,93.9%,2026-04-08
400,営業一課,493600,0.0%,2026-05-09
401,営業二課,494834,7.1%,2026-06-10
402,開発部,496068,14.2%,2026-07-11
403,管理部,497302,21.3%,2026-08-12
404,広報,498536,28.4%,2026-09-13
405,営業一課,499770,35.5%,2026-10-14
406,営業二課,501004,42.6%,2026-11-15
407,開発部,502238,49.7%,2026-12-16
408,管理部,503472,56.8%,2026-01-17
409,広報,504706,63.9%,2026-02-18
410,営業一課,505940,70.0%,2026-03-19
411,営業二課,507174,77.1%,2026-04-20
412,開発部,508408,84.2%,2026-05-21
413,管理部,509642,91.3%,2026-06-22
414,広報,510876,98.4%,2026-07-23
415,営業一課,512110,5.5%,2026-08-24
416,営業二課,513344,12.6%,2026-09-25
417,開発部,514578,19.7%,2026-10-26
418,管理部,515812,26.8%,2026-11-27
419,広報,517046,33.9%,2026-12-28
420,営業一課,518280,40.0%,2026-01-01
421,営業二課,519514,47.1%,2026-02-02
422,開発部,520748,54.2%,2026-03-03
423,管理部,521982,61.3%,2026-04-04
424,広報,523216,68.4%,2026-05-05
425,営業一課,524450,75.5%,2026-06-06
426,営業二課,525684,82.6%,2026-07-07
427,開発部,526918,89.7%,2026-08-08
428,管理部,528152,96.8%,2026-09-09
429,広報,529386,3.9%,2026-10-10
430,営業一課,530620,10.0%,2026-11-11
431,営業二課,531854,17.1%,2026-12-12
432,開発部,533088,24.2%,2026-01-13
433,管理部,534322,31.3%,2026-02-14
434,広報,535556,38.4%,2026-03-15
435,営業一課,536790,45.5%,2026-04-16
436,営業二課,538024,52.6%,2026-05-17
437,開発部,539258,59.7%,2026-06-18
438,管理部,540492,66.8%,2026-07-19
439,広報,541726,73.9%,2026-08-20
440,営業一課,542960,80.0%,2026-09-21
441,営業二課,544194,87.1%,2026-10-22
442,開発部,545428,94.2%,2026-11-23
443,管理部,546662,1.3%,2026-12-24
444,広報,547896,8.4%,2026-01-25
445,営業一課,549130,15.5%,2026-02-26
446,営業二課,550364,22.6%,2026-03-27
447,開発部,551598,29.7%,2026-04-28
448,管理部,552832,36.8%,2026-05-01
449,広報,554066,43.9%,2026-06-02
450,営業一課,555300,50.0%,2026-07-03
451,営業二課,556534,57.1%,2026-08-04
452,開発部,557768,64.2%,2026-09-05
453,管理部,559002,71.3%,2026-10-06
454,広報,560236,78.4%,2026-11-07
455,営業一課,561470,85.5%,2026-12-08
456,営業二課,562704,92.6%,2026-01-09
457,開発部,563938,99.7%,2026-02-10
458,管理部,565172,6.8%,2026-03-11
459,広報,566406,13.9%,2026-04-12
460,営業一課,567640,20.0%,2026-05-13
461,営業二課,568874,27.1%,2026-06-14
462,開発部,570108,34.2%,2026-07-15
463,管理部,571342,41.3%,2026-08-16
464,広報,572576,48.4%,2026-09-17
465,営業一課,573810,55.5%,2026-10-18
466,営業二課,575044,62.6%,2026-11-19
467,開発部,576278,69.7%,2026-12-20
468,管理部,577512,76.8%,2026-01-21
469,広報,578746,83.9%,2026-02-22
470,営業一課,579980,90.0%,2026-03-23
471,営業二課,581214,97.1%,2026-04-24
472,開発部,582448,4.2%,2026-05-25
473,管理部,583682,11.3%,2026-06-26
474,広報,584916,18.4%,2026-07-27
475,営業一課,586150,25.5%,2026-08-28
476,営業二課,587384,32.6%,2026-09-01
477,開発部,588618,39.7%,2026-10-02
478,管理部,589852,46.8%,2026-11-03
479,広報,591086,53.9%,2026-12-04
480,営業一課,592320,60.0%,2026-01-05
481,営業二課,593554,67.1%,2026-02-06
482,開発部,594788,74.2%,2026-03-07
483,管理部,596022,81.3%,2026-04-08
484,広報,597256,88.4%,2026-05-09
485,営業一課,598490,95.5%,2026-06-10
486,営業二課,599724,2.6%,2026-07-11
487,開発部,600958,9.7%,2026-08-12
488,管理部,602192,16.8%,2026-09-13
489,広報,603426,23.9%,2026-10-14
490,営業一課,604660,30.0%,2026-11-15
491,営業二課,605894,37.1%,2026-12-16
492,開発部,607128,44.2%,2026-01-17
493,管理部,608362,51.3%,2026-02-18
494,広報,609596,58.4%,2026-03-19
495,営業一課,610830,65.5%,2026-04-20
496,営業二課,612064,72.6%,2026-05-21
497,開発部,613298,79.7%,2026-06-22
498,管理部,614532,86.8%,2026-07-23
499,広報,615766,93.9%,2026-08-24
500,営業一課,617000,0.0%,2026-09-25
501,営業二課,618234,7.1%,2026-10-26
502,開発部,619468,14.2%,2026-11-27
503,管理部,620702,21.3%,2026-12-28
504,広報,621936,28.4%,2026-01-01
505,営業一課,623170,35.5%,2026-02-02
506,営業二課,624404,42.6%,2026-03-03
507,開発部,625638,49.7%,2026-04-04
508,管理部,626872,56.8%,2026-05-05
509,広報,628106,63.9%,2026-06-06
510,営業一課,629340,70.0%,2026-07-07
511,営業二課,630574,77.1%,2026-08-08
512,開発部,631808,84.2%,2026-09-09
513,管理部,633042,91.3%,2026-10-10
514,広報,634276,98.4%,2026-11-11
515,営業一課,635510,5.5%,2026-12-12
516,営業二課,636744,12.6%,2026-01-13
517,開発部,637978,19.7%,2026-02-14
518,管理部,639212,26.8%,2026-03-15
519,広報,640446,33.9%,2026-04-16
520,営業一課,641680,40.0%,2026-05-17
521,営業二課,642914,47.1%,2026-06-18
522,開発部,644148,54.2%,2026-07-19
523,管理部,645382,61.3%,2026-08-20
524,広報,646616,68.4%,2026-09-21
525,営業一課,647850,75.5%,2026-10-22
526,営業二課,649084,82.6%,2026-11-23
527,開発部,650318,89.7%,2026-12-24
528,管理部,651552,96.8%,2026-01-25
529,広報,652786,3.9%,2026-02-26
530,営業一課,654020,10.0%,2026-03-27
531,営業二課,655254,17.1%,2026-04-28
532,開発部,656488,24.2%,2026-05-01
533,管理部,657722,31.3%,2026-06-02
534,広報,658956,38.4%,2026-07-03
535,営業一課,660190,45.5%,2026-08-04
536,営業二課,661424,52.6%,2026-09-05
537,開発部,662658,59.7%,2026-10-06
538,管理部,663892,66.8%,2026-11-07
539,広報,665126,73.9%,2026-12-08
540,営業一課,666360,80.0%,2026-01-09
541,営業二課,667594,87.1%,2026-02-10
542,開発部,668828,94.2%,2026-03-11
543,管理部,670062,1.3%,2026-04-12
544,広報,671296,8.4%,2026-05-13
545,営業一課,672530,15.5%,2026-06-14
546,営業二課,673764,22.6%,2026-07-15
547,開発部,674998,29.7%,2026-08-16
548,管理部,676232,36.8%,2026-09-17
549,広報,677466,43.9%,2026-10-18
550,営業一課,678700,50.0%,2026-11-19
551,営業二課,679934,57.1%,2026-12-20
552,開発部,681168,64.2%,2026-01-21
553,管理部,682402,71.3%,2026-02-22
554,広報,683636,78.4%,2026-03-23
555,営業一課,684870,85.5%,2026-04-24
556,営業二課,686104,92.6%,2026-05-25
557,開発部,687338,99.7%,2026-06-26
558,管理部,688572,6.8%,2026-07-27
559,広報,689806,13.9%,2026-08-28
560,営業一課,691040,20.0%,2026-09-01
561,営業二課,692274,27.1%,2026-10-02
562,開発部,693508,34.2%,2026-11-03
563,管理部,694742,41.3%,2026-12-04
564,広報,695976,48.4%,2026-01-05
565,営業一課,697210,55.5%,2026-02-06
566,営業二課,698444,62.6%,2026-03-07
567,開発部,699678,69.7%,2026-04-08
568,管理部,700912,76.8%,2026-05-09
569,広報,702146,83.9%,2026-06-10
570,営業一課,703380,90.0%,2026-07-11
571,営業二課,704614,97.1%,2026-08-12
572,開発部,705848,4.2%,2026-09-13
573,管理部,707082,11.3%,2026-10-14
574,広報,708316,18.4%,2026-11-15
575,営業一課,709550,25.5%,2026-12-16
576,営業二課,710784,32.6%,2026-01-17
577,開発部,712018,39.7%,2026-02-18
578,管理部,713252,46.8%,2026-03-19
579,広報,714486,53.9%,2026-04-20
580,営業一課,715720,60.0%,2026-05-21
581,営業二課,716954,67.1%,2026-06-22
582,開発部,718188,74.2%,2026-07-23
583,管理部,719422,81.3%,2026-08-24
584,広報,720656,88.4%,2026-09-25
585,営業一課,721890,95.5%,2026-10-26
586,営業二課,723124,2.6%,2026-11-27
587,開発部,724358,9.7%,2026-12-28
588,管理部,725592,16.8%,2026-01-01
589,広報,726826,23.9%,2026-02-02
590,営業一課,728060,30.0%,2026-03-03
591,営業二課,729294,37.1%,2026-04-04
592,開発部,730528,44.2%,2026-05-05
593,管理部,731762,51.3%,2026-06-06
594,広報,732996,58.4%,2026-07-07
595,営業一課,734230,65.5%,2026-08-08
596,営業二課,735464,72.6%,2026-09-09
597,開発部,736698,79.7%,2026-10-10
598,管理部,737932,86.8%,2026-11-11
599,広報,739166,93.9%,2026-12-12
600,営業一課,740400,0.0%,2026-01-13
601,営業二課,741634,7.1%,2026-02-14
602,開発部,742868,14.2%,2026-03-15
603,管理部,744102,21.3%,2026-04-16
604,広報,745336,28.4%,2026-05-17
605,営業一課,746570,35.5%,2026-06-18
606,営業二課,747804,42.6%,2026-07-19
607,開発部,749038,49.7%,2026-08-20
608,管理部,750272,56.8%,2026-09-21
609,広報,751506,63.9%,2026-10-22
610,営業一課,752740,70.0%,2026-11-23
611,営業二課,753974,77.1%,2026-12-24
612,開発部,755208,84.2%,2026-01-25
613,管理部,756442,91.3%,2026-02-26
614,広報,757676,98.4%,2026-03-27
615,営業一課,758910,5.5%,2026-04-28
616,営業二課,760144,12.6%,2026-05-01
617,開発部,761378,19.7%,2026-06-02
618,管理部,762612,26.8%,2026-07-03
619,広報,763846,33.9%,2026-08-04
620,営業一課,765080,40.0%,2026-09-05
621,営業二課,766314,47.1%,2026-10-06
622,開発部,767548,54.2%,2026-11-07
623,管理部,768782,61.3%,2026-12-08
624,広報,770016,68.4%,2026-01-09
625,営業一課,771250,75.5%,2026-02-10
626,営業二課,772484,82.6%,2026-03-11
627,開発部,773718,89.7%,2026-04-12
628,管理部,774952,96.8%,2026-05-13
629,広報,776186,3.9%,2026-06-14
630,営業一課,777420,10.0%,2026-07-15
631,営業二課,778654,17.1%,2026-08-16
632,開発部,779888,24.2%,2026-09-17
633,管理部,781122,31.3%,2026-10-18
634,広報,782356,38.4%,2026-11-19
635,営業一課,783590,45.5%,2026-12-20
636,営業二課,784824,52.6%,2026-01-21
637,開発部,786058,59.7%,2026-02-22
638,管理部,787292,66.8%,2026-03-23
639,広報,788526,73.9%,2026-04-24
640,営業一課,789760,80.0%,2026-05-25
641,営業二課,790994,87.1%,2026-06-26
642,開発部,792228,94.2%,2026-07-27
643,管理部,793462,1.3%,2026-08-28
644,広報,794696,8.4%,2026-09-01
645,営業一課,795930,15.5%,2026-10-02
646,営業二課,797164,22.6%,2026-11-03
647,開発部,798398,29.7%,2026-12-04
648,管理部,799632,36.8%,2026-01-05
649,広報,800866,43.9%,2026-02-06
650,営業一課,802100,50.0%,2026-03-07
651,営業二課,803334,57.1%,2026-04-08
652,開発部,804568,64.2%,2026-05-09
653,管理部,805802,71.3%,2026-06-10
654,広報,807036,78.4%,2026-07-11
655,営業一課,808270,85.5%,2026-08-12
656,営業二課,809504,92.6%,2026-09-13
657,開発部,810738,99.7%,2026-10-14
658,管理部,811972,6.8%,2026-11-15
659,広報,813206,13.9%,2026-12-16
660,営業一課,814440,20.0%,2026-01-17
661,営業二課,815674,27.1%,2026-02-18
662,開発部,816908,34.2%,2026-03-19
663,管理部,818142,41.3%,2026-04-20
664,広報,819376,48.4%,2026-05-21
665,営業一課,820610,55.5%,2026-06-22
666,営業二課,821844,62.6%,2026-07-23
667,開発部,823078,69.7%,2026-08-24
668,管理部,824312,76.8%,2026-09-25
669,広報,825546,83.9%,2026-10-26
670,営業一課,826780,90.0%,2026-11-27
671,営業二課,828014,97.1%,2026-12-28
672,開発部,829248,4.2%,2026-01-01
673,管理部,830482,11.3%,2026-02-02
674,広報,831716,18.4%,2026-03-03
675,営業一課,832950,25.5%,2026-04-04
676,営業二課,834184,32.6%,2026-05-05
677,開発部,835418,39.7%,2026-06-06
678,管理部,836652,46.8%,2026-07-07
679,広報,837886,53.9%,2026-08-08
680,営業一課,839120,60.0%,2026-09-09
681,営業二課,840354,67.1%,2026-10-10
682,開発部,841588,74.2%,2026-11-11
683,管理部,842822,81.3%,2026-12-12
684,広報,844056,88.4%,2026-01-13
685,営業一課,845290,95.5%,2026-02-14
686,営業二課,846524,2.6%,2026-03-15
687,開発部,847758,9.7%,2026-04-16
688,管理部,848992,16.8%,2026-05-17
689,広報,850226,23.9%,2026-06-18
690,営業一課,851460,30.0%,2026-07-19
691,営業二課,852694,37.1%,2026-08-20
692,開発部,853928,44.2%,2026-09-21
693,管理部,855162,51.3%,2026-10-22
694,広報,856396,58.4%,2026-11-23
695,営業一課,857630,65.5%,2026-12-24
696,営業二課,858864,72.6%,2026-01-25
697,開発部,860098,79.7%,2026-02-26
698,管理部,861332,86.8%,2026-03-27
699,広報,862566,93.9%,2026-04-28
700,営業一課,863800,0.0%,2026-05-01
701,営業二課,865034,7.1%,2026-06-02
702,開発部,866268,14.2%,2026-07-03
703,管理部,867502,21.3%,2026-08-04
704,広報,868736,28.4%,2026-09-05
705,営業一課,869970,35.5%,2026-10-06
706,営業二課,871204,42.6%,2026-11-07
707,開発部,872438,49.7%,2026-12-08
708,管理部,873672,56.8%,2026-01-09
709,広報,874906,63.9%,2026-02-10
710,営業一課,876140,70.0%,2026-03-11
711,営業二課,877374,77.1%,2026-04-12
712,開発部,878608,84.2%,2026-05-13
713,管理部,879842,91.3%,2026-06-14
714,広報,881076,98.4%,2026-07-15
715,営業一課,882310,5.5%,2026-08-16
716,営業二課,883544,12.6%,2026-09-17
717,開発部,884778,19.7%,2026-10-18
718,管理部,886012,26.8%,2026-11-19
719,広報,887246,33.9%,2026-12-20
720,営業一課,888480,40.0%,2026-01-21
721,営業二課,889714,47.1%,2026-02-22
722,開発部,890948,54.2%,2026-03-23
723,管理部,892182,61.3%,2026-04-24
724,広報,893416,68.4%,2026-05-25
725,営業一課,894650,75.5%,2026-06-26
726,営業二課,895884,82.6%,2026-07-27
727,開発部,897118,89.7%,2026-08-28
728,管理部,898352,96.8%,2026-09-01
729,広報,899586,3.9%,2026-10-02
730,営業一課,820,10.0%,2026-11-03
731,営業二課,2054,17.1%,2026-12-04
732,開発部,3288,24.2%,2026-01-05
733,管理部,4522,31.3%,2026-02-06
734,広報,5756,38.4%,2026-03-07
735,営業一課,6990,45.5%,2026-04-08
736,営業二課,8224,52.6%,2026-05-09
737,開発部,9458,59.7%,2026-06-10
738,管理部,10692,66.8%,2026-07-11
739,広報,11926,73.9%,2026-08-12
740,営業一課,13160,80.0%,2026-09-13
741,営業二課,14394,87.1%,2026-10-14
742,開発部,15628,94.2%,2026-11-15
743,管理部,16862,1.3%,2026-12-16
744,広報,18096,8.4%,2026-01-17
745,営業一課,19330,15.5%,2026-02-18
746,営業二課,20564,22.6%,2026-03-19
747,開発部,21798,29.7%,2026-04-20
748,管理部,23032,36.8%,2026-05-21
749,広報,24266,43.9%,2026-06-22
750,営業一課,25500,50.0%,2026-07-23
751,営業二課,26734,57.1%,2026-08-24
752,開発部,27968,64.2%,2026-09-25
753,管理部,29202,71.3%,2026-10-26
754,広報,30436,78.4%,2026-11-27
755,営業一課,31670,85.5%,2026-12-28
756,営業二課,32904,92.6%,2026-01-01
757,開発部,34138,99.7%,2026-02-02
758,管理部,35372,6.8%,2026-03-03
759,広報,36606,13.9%,2026-04-04
760,営業一課,37840,20.0%,2026-05-05
761,営業二課,39074,27.1%,2026-06-06
762,開発部,40308,34.2%,2026-07-07
763,管理部,41542,41.3%,2026-08-08
764,広報,42776,48.4%,2026-09-09
765,営業一課,44010,55.5%,2026-10-10
766,営業二課,45244,62.6%,2026-11-11
767,開発部,46478,69.7%,2026-12-12
768,管理部,47712,76.8%,2026-01-13
769,広報,48946,83.9%,2026-02-14
770,営業一課,50180,90.0%,2026-03-15
771,営業二課,51414,97.1%,2026-04-16
772,開発部,52648,4.2%,2026-05-17
773,管理部,53882,11.3%,2026-06-18
774,広報,55116,18.4%,2026-07-19
775,営業一課,56350,25.5%,2026-08-20
776,営業二課,57584,32.6%,2026-09-21
777,開発部,58818,39.7%,2026-10-22
778,管理部,60052,46.8%,2026-11-23
779,広報,61286,53.9%,2026-12-24
780,営業一課,62520,60.0%,2026-01-25
781,営業二課,63754,67.1%,2026-02-26
782,開発部,64988,74.2%,2026-03-27
783,管理部,66222,81.3%,2026-04-28
784,広報,67456,88.4%,2026-05-01
785,営業一課,68690,95.5%,2026-06-02
786,営業二課,69924,2.6%,2026-07-03
787,開発部,71158,9.7%,2026-08-04
788,管理部,72392,16.8%,2026-09-05
789,広報,73626,23.9%,2026-10-06
790,営業一課,74860,30.0%,2026-11-07
791,営業二課,76094,37.1%,2026-12-08
792,開発部,77328,44.2%,2026-01-09
793,管理部,78562,51.3%,2026-02-10
794,広報,79796,58.4%,2026-03-11
795,営業一課,81030,65.5%,2026-04-12
796,営業二課,82264,72.6%,2026-05-13
797,開発部,83498,79.7%,2026-06-14
798,管理部,84732,86.8%,2026-07-15
799,広報,85966,93.9%,2026-08-16
800,営業一課,87200,0.0%,2026-09-17
801,営業二課,88434,7.1%,2026-10-18
802,開発部,89668,14.2%,2026-11-19
803,管理部,90902,21.3%,2026-12-20
804,広報,92136,28.4%,2026-01-21
805,営業一課,93370,35.5%,2026-02-22
806,営業二課,94604,42.6%,2026-03-23
807,開発部,95838,49.7%,2026-04-24
808,管理部,97072,56.8%,2026-05-25
809,広報,98306,63.9%,2026-06-26
810,営業一課,99540,70.0%,2026-07-27
811,営業二課,100774,77.1%,2026-08-28
812,開発部,102008,84.2%,2026-09-01
813,管理部,103242,91.3%,2026-10-02
814,広報,104476,98.4%,2026-11-03
815,営業一課,105710,5.5%,2026-12-04
816,営業二課,106944,12.6%,2026-01-05
817,開発部,108178,19.7%,2026-02-06
818,管理部,109412,26.8%,2026-03-07
819,広報,110646,33.9%,2026-04-08
820,営業一課,111880,40.0%,2026-05-09
821,営業二課,113114,47.1%,2026-06-10
822,開発部,114348,54.2%,2026-07-11
823,管理部,115582,61.3%,2026-08-12
824,広報,116816,68.4%,2026-09-13
825,営業一課,118050,75.5%,2026-10-14
826,営業二課,119284,82.6%,2026-11-15
827,開発部,120518,89.7%,2026-12-16
828,管理部,121752,96.8%,2026-01-17
829,広報,122986,3.9%,2026-02-18
830,営業一課,124220,10.0%,2026-03-19
831,営業二課,125454,17.1%,2026-04-20
832,開発部,126688,24.2%,2026-05-21
833,管理部,127922,31.3%,2026-06-22
834,広報,129156,38.4%,2026-07-23
835,営業一課,130390,45.5%,2026-08-24
836,営業二課,131624,52.6%,2026-09-25
837,開発部,132858,59.7%,2026-10-26
838,管理部,134092,66.8%,2026-11-27
839,広報,135326,73.9%,2026-12-28
840,営業一課,136560,80.0%,2026-01-01
841,営業二課,137794,87.1%,2026-02-02
842,開発部,139028,94.2%,2026-03-03
843,管理部,140262,1.3%,2026-04-04
844,広報,141496,8.4%,2026-05-05
845,営業一課,142730,15.5%,2026-06-06
846,営業二課,143964,22.6%,2026-07-07
847,開発部,145198,29.7%,2026-08-08
848,管理部,146432,36.8%,2026-09-09
849,広報,147666,43.9%,2026-10-10
850,営業一課,148900,50.0%,2026-11-11
851,営業二課,150134,57.1%,2026-12-12
852,開発部,151368,64.2%,2026-01-13
853,管理部,152602,71.3%,2026-02-14
854,広報,153836,78.4%,2026-03-15
855,営業一課,155070,85.5%,2026-04-16
856,営業二課,156304,92.6%,2026-05-17
857,開発部,157538,99.7%,2026-06-18
858,管理部,158772,6.8%,2026-07-19
859,広報,160006,13.9%,2026-08-20
860,営業一課,161240,20.0%,2026-09-21
861,営業二課,162474,27.1%,2026-10-22
862,開発部,163708,34.2%,2026-11-23
863,管理部,164942,41.3%,2026-12-24
864,広報,166176,48.4%,2026-01-25
865,営業一課,167410,55.5%,2026-02-26
866,営業二課,168644,62.6%,2026-03-27
867,開発部,169878,69.7%,2026-04-28
868,管理部,171112,76.8%,2026-05-01
869,広報,172346,83.9%,2026-06-02
870,営業一課,173580,90.0%,2026-07-03
871,営業二課,174814,97.1%,2026-08-04
872,開発部,176048,4.2%,2026-09-05
873,管理部,177282,11.3%,2026-10-06
874,広報,178516,18.4%,2026-11-07
875,営業一課,179750,25.5%,2026-12-08
876,営業二課,180984,32.6%,2026-01-09
877,開発部,182218,39.7%,2026-02-10
878,管理部,183452,46.8%,2026-03-11
879,広報,184686,53.9%,2026-04-12
880,営業一課,185920,60.0%,2026-05-13
881,営業二課,187154,67.1%,2026-06-14
882,開発部,188388,74.2%,2026-07-15
883,管理部,189622,81.3%,2026-08-16
884,広報,190856,88.4%,2026-09-17
885,営業一課,192090,95.5%,2026-10-18
886,営業二課,193324,2.6%,2026-11-19
887,開発部,194558,9.7%,2026-12-20
888,管理部,195792,16.8%,2026-01-21
889,広報,197026,23.9%,2026-02-22
890,営業一課,198260,30.0%,2026-03-23
891,営業二課,199494,37.1%,2026-04-24
892,開発部,200728,44.2%,2026-05-25
893,管理部,201962,51.3%,2026-06-26
894,広報,203196,58.4%,2026-07-27
895,営業一課,204430,65.5%,2026-08-28
896,営業二課,205664,72.6%,2026-09-01
897,開発部,206898,79.7%,2026-10-02
898,管理部,208132,86.8%,2026-11-03
899,広報,209366,93.9%,2026-12-04
900,営業一課,210600,0.0%,2026-01-05
901,営業二課,211834,7.1%,2026-02-06
902,開発部,213068,14.2%,2026-03-07
903,管理部,214302,21.3%,2026-04-08
904,広報,215536,28.4%,2026-05-09
905,営業一課,216770,35.5%,2026-06-10
906,営業二課,218004,42.6%,2026-07-11
907,開発部,219238,49.7%,2026-08-12
908,管理部,220472,56.8%,2026-09-13
909,広報,221706,63.9%,2026-10-14
910,営業一課,222940,70.0%,2026-11-15
911,営業二課,224174,77.1%,2026-12-16
912,開発部,225408,84.2%,2026-01-17
913,管理部,226642,91.3%,2026-02-18
914,広報,227876,98.4%,2026-03-19
915,営業一課,229110,5.5%,2026-04-20
916,営業二課,230344,12.6%,2026-05-21
917,開発部,231578,19.7%,2026-06-22
918,管理部,232812,26.8%,2026-07-23
919,広報,234046,33.9%,2026-08-24
920,営業一課,235280,40.0%,2026-09-25
921,営業二課,236514,47.1%,2026-10-26
922,開発部,237748,54.2%,2026-11-27
923,管理部,238982,61.3%,2026-12-28
924,広報,240216,68.4%,2026-01-01
925,営業一課,241450,75.5%,2026-02-02
926,営業二課,242684,82.6%,2026-03-03
927,開発部,243918,89.7%,2026-04-04
928,管理部,245152,96.8%,2026-05-05
929,広報,246386,3.9%,2026-06-06
930,営業一課,247620,10.0%,2026-07-07
931,営業二課,248854,17.1%,2026-08-08
932,開発部,250088,24.2%,2026-09-09
933,管理部,251322,31.3%,2026-10-10
934,広報,252556,38.4%,2026-11-11
935,営業一課,253790,45.5%,2026-12-12
936,営業二課,255024,52.6%,2026-01-13
937,開発部,256258,59.7%,2026-02-14
938,管理部,257492,66.8%,2026-03-15
939,広報,258726,73.9%,2026-04-16
940,営業一課,259960,80.0%,2026-05-17
941,営業二課,261194,87.1%,2026-06-18
942,開発部,262428,94.2%,2026-07-19
943,管理部,263662,1.3%,2026-08-20
944,広報,264896,8.4%,2026-09-21
945,営業一課,266130,15.5%,2026-10-22
946,営業二課,267364,22.6%,2026-11-23
947,開発部,268598,29.7%,2026-12-24
948,管理部,269832,36.8%,2026-01-25
949,広報,271066,43.9%,2026-02-26
950,営業一課,272300,50.0%,2026-03-27
951,営業二課,273534,57.1%,2026-04-28
952,開発部,274768,64.2%,2026-05-01
953,管理部,276002,71.3%,2026-06-02
954,広報,277236,78.4%,2026-07-03
955,営業一課,278470,85.5%,2026-08-04
956,営業二課,279704,92.6%,2026-09-05
957,開発部,280938,99.7%,2026-10-06
958,管理部,282172,6.8%,2026-11-07
959,広報,283406,13.9%,2026-12-08
960,営業一課,284640,20.0%,2026-01-09
961,営業二課,285874,27.1%,2026-02-10
962,開発部,287108,34.2%,2026-03-11
963,管理部,288342,41.3%,2026-04-12
964,広報,289576,48.4%,2026-05-13
965,営業一課,290810,55.5%,2026-06-14
966,営業二課,292044,62.6%,2026-07-15
967,開発部,293278,69.7%,2026-08-16
968,管理部,294512,76.8%,2026-09-17
969,広報,295746,83.9%,2026-10-18
970,営業一課,296980,90.0%,2026-11-19
971,営業二課,298214,97.1%,2026-12-20
972,開発部,299448,4.2%,2026-01-21
973,管理部,300682,11.3%,2026-02-22
974,広報,301916,18.4%,2026-03-23
975,営業一課,303150,25.5%,2026-04-24
976,営業二課,304384,32.6%,2026-05-25
977,開発部,305618,39.7%,2026-06-26
978,管理部,306852,46.8%,2026-07-27
979,広報,308086,53.9%,2026-08-28
980,営業一課,309320,60.0%,2026-09-01
981,営業二課,310554,67.1%,2026-10-02
982,開発部,311788,74.2%,2026-11-03
983,管理部,313022,81.3%,2026-12-04
984,広報,314256,88.4%,2026-01-05
985,営業一課,315490,95.5%,2026-02-06
986,営業二課,316724,2.6%,2026-03-07
987,開発部,317958,9.7%,2026-04-08
988,管理部,319192,16.8%,2026-05-09
989,広報,320426,23.9%,2026-06-10
990,営業一課,321660,30.0%,2026-07-11
991,営業二課,322894,37.1%,2026-08-12
992,開発部,324128,44.2%,2026-09-13
993,管理部,325362,51.3%,2026-10-14
994,広報,326596,58.4%,2026-11-15
995,営業一課,327830,65.5%,2026-12-16
996,営業二課,329064,72.6%,2026-01-17
997,開発部,330298,79.7%,2026-02-18
998,管理部,331532,86.8%,2026-03-19
999,広報,332766,93.9%,2026-04-20
1000,営業一課,334000,0.0%,2026-05-21
1001,営業二課,335234,7.1%,2026-06-22
1002,開発部,336468,14.2%,2026-07-23
1003,管理部,337702,21.3%,2026-08-24
1004,広報,338936,28.4%,2026-09-25
1005,営業一課,340170,35.5%,2026-10-26
1006,営業二課,341404,42.6%,2026-11-27
1007,開発部,342638,49.7%,2026-12-28
1008,管理部,343872,56.8%,2026-01-01
1009,広報,345106,63.9%,2026-02-02
1010,営業一課,346340,70.0%,2026-03-03
1011,営業二課,347574,77.1%,2026-04-04
1012,開発部,348808,84.2%,2026-05-05
1013,管理部,350042,91.3%,2026-06-06
1014,広報,351276,98.4%,2026-07-07
1015,営業一課,352510,5.5%,2026-08-08
1016,営業二課,353744,12.6%,2026-09-09
1017,開発部,354978,19.7%,2026-10-10
1018,管理部,356212,26.8%,2026-11-11
1019,広報,357446,33.9%,2026-12-12
1020,営業一課,358680,40.0%,2026-01-13
1021,営業二課,359914,47.1%,2026-02-14
1022,開発部,361148,54.2%,2026-03-15
1023,管理部,362382,61.3%,2026-04-16
1024,広報,363616,68.4%,2026-05-17
1025,営業一課,364850,75.5%,2026-06-18
1026,営業二課,366084,82.6%,2026-07-19
1027,開発部,367318,89.7%,2026-08-20
1028,管理部,368552,96.8%,2026-09-21
1029,広報,369786,3.9%,2026-10-22
1030,営業一課,371020,10.0%,2026-11-23
1031,営業二課,372254,17.1%,2026-12-24
1032,開発部,373488,24.2%,2026-01-25
1033,管理部,374722,31.3%,2026-02-26
1034,広報,375956,38.4%,2026-03-27
1035,営業一課,377190,45.5%,2026-04-28
1036,営業二課,378424,52.6%,2026-05-01
1037,開発部,379658,59.7%,2026-06-02
1038,管理部,380892,66.8%,2026-07-03
1039,広報,382126,73.9%,2026-08-04
1040,営業一課,383360,80.0%,2026-09-05
1041,営業二課,384594,87.1%,2026-10-06
1042,開発部,385828,94.2%,2026-11-07
1043,管理部,387062,1.3%,2026-12-08
1044,広報,388296,8.4%,2026-01-09
1045,営業一課,389530,15.5%,2026-02-10
1046,営業二課,390764,22.6%,2026-03-11
1047,開発部,391998,29.7%,2026-04-12
1048,管理部,393232,36.8%,2026-05-13
1049,広報,394466,43.9%,2026-06-14
1050,営業一課,395700,50.0%,2026-07-15
1051,営業二課,396934,57.1%,2026-08-16
1052,開発部,398168,64.2%,2026-09-17
1053,管理部,399402,71.3%,2026-10-18
1054,広報,400636,78.4%,2026-11-19
1055,営業一課,401870,85.5%,2026-12-20
1056,営業二課,403104,92.6%,2026-01-21
1057,開発部,404338,99.7%,2026-02-22
1058,管理部,405572,6.8%,2026-03-23
1059,広報,406806,13.9%,2026-04-24
1060,営業一課,408040,20.0%,2026-05-25
1061,営業二課,409274,27.1%,2026-06-26
1062,開発部,410508,34.2%,2026-07-27
1063,管理部,411742,41.3%,2026-08-28
1064,広報,412976,48.4%,2026-09-01
1065,営業一課,414210,55.5%,2026-10-02
1066,営業二課,415444,62.6%,2026-11-03
1067,開発部,416678,69.7%,2026-12-04
1068,管理部,417912,76.8%,2026-01-05
1069,広報,419146,83.9%,2026-02-06
1070,営業一課,420380,90.0%,2026-03-07
1071,営業二課,421614,97.1%,2026-04-08
1072,開発部,422848,4.2%,2026-05-09
1073,管理部,424082,11.3%,2026-06-10
1074,広報,425316,18.4%,2026-07-11
1075,営業一課,426550,25.5%,2026-08-12
1076,営業二課,427784,32.6%,2026-09-13
1077,開発部,429018,39.7%,2026-10-14
1078,管理部,430252,46.8%,2026-11-15
1079,広報,431486,53.9%,2026-12-16
1080,営業一課,432720,60.0%,2026-01-17
1081,営業二課,433954,67.1%,2026-02-18
1082,開発部,435188,74.2%,2026-03-19
1083,管理部,436422,81.3%,2026-04-20
1084,広報,437656,88.4%,2026-05-21
1085,営業一課,438890,95.5%,2026-06-22
1086,営業二課,440124,2.6%,2026-07-23
1087,開発部,441358,9.7%,2026-08-24
1088,管理部,442592,16.8%,2026-09-25
1089,広報,443826,23.9%,2026-10-26
1090,営業一課,445060,30.0%,2026-11-27
1091,営業二課,446294,37.1%,2026-12-28
1092,開発部,447528,44.2%,2026-01-01
1093,管理部,448762,51.3%,2026-02-02
1094,広報,449996,58.4%,2026-03-03
1095,営業一課,451230,65.5%,2026-04-04
1096,営業二課,452464,72.6%,2026-05-05
1097,開発部,453698,79.7%,2026-06-06
1098,管理部,454932,86.8%,2026-07-07
1099,広報,456166,93.9%,2026-08-08
1100,営業一課,457400,0.0%,2026-09-09
1101,営業二課,458634,7.1%,2026-10-10
1102,開発部,459868,14.2%,2026-11-11
1103,管理部,461102,21.3%,2026-12-12
1104,広報,462336,28.4%,2026-01-13
1105,営業一課,463570,35.5%,2026-02-14
1106,営業二課,464804,42.6%,2026-03-15
1107,開発部,466038,49.7%,2026-04-16
1108,管理部,467272,56.8%,2026-05-17
1109,広報,468506,63.9%,2026-06-18
1110,営業一課,469740,70.0%,2026-07-19
1111,営業二課,470974,77.1%,2026-08-20
1112,開発部,472208,84.2%,2026-09-21
1113,管理部,473442,91.3%,2026-10-22
1114,広報,474676,98.4%,2026-11-23
1115,営業一課,475910,5.5%,2026-12-24
1116,営業二課,477144,12.6%,2026-01-25
1117,開発部,478378,19.7%,2026-02-26
1118,管理部,479612,26.8%,2026-03-27
1119,広報,480846,33.9%,2026-04-28
1120,営業一課,482080,40.0%,2026-05-01
1121,営業二課,483314,47.1%,2026-06-02
1122,開発部,484548,54.2%,2026-07-03
1123,管理部,485782,61.3%,2026-08-04
1124,広報,487016,68.4%,2026-09-05
1125,営業一課,488250,75.5%,2026-10-06
1126,営業二課,489484,82.6%,2026-11-07
1127,開発部,490718,89.7%,2026-12-08
1128,管理部,491952,96.8%,2026-01-09
1129,広報,493186,3.9%,2026-02-10
1130,営業一課,494420,10.0%,2026-03-11
1131,営業二課,495654,17.1%,2026-04-12
1132,開発部,496888,24.2%,2026-05-13
1133,管理部,498122,31.3%,2026-06-14
1134,広報,499356,38.4%,2026-07-15
1135,営業一課,500590,45.5%,2026-08-16
1136,営業二課,501824,52.6%,2026-09-17
1137,開発部,503058,59.7%,2026-10-18
1138,管理部,504292,66.8%,2026-11-19
1139,広報,505526,73.9%,2026-12-20
1140,営業一課,506760,80.0%,2026-01-21
1141,営業二課,507994,87.1%,2026-02-22
1142,開発部,509228,94.2%,2026-03-23
1143,管理部,510462,1.3%,2026-04-24
1144,広報,511696,8.4%,2026-05-25
1145,営業一課,512930,15.5%,2026-06-26
1146,営業二課,514164,22.6%,2026-07-27
1147,開発部,515398,29.7%,2026-08-28
1148,管理部,516632,36.8%,2026-09-01
1149,広報,517866,43.9%,2026-10-02
1150,営業一課,519100,50.0%,2026-11-03
1151,営業二課,520334,57.1%,2026-12-04
1152,開発部,521568,64.2%,2026-01-05
1153,管理部,522802,71.3%,2026-02-06
1154,広報,524036,78.4%,2026-03-07
1155,営業一課,525270,85.5%,2026-04-08
1156,営業二課,526504,92.6%,2026-05-09
1157,開発部,527738,99.7%,2026-06-10
1158,管理部,528972,6.8%,2026-07-11
1159,広報,530206,13.9%,2026-08-12
1160,営業一課,531440,20.0%,2026-09-13
1161,営業二課,532674,27.1%,2026-10-14
1162,開発部,533908,34.2%,2026-11-15
1163,管理部,535142,41.3%,2026-12-16
1164,広報,536376,48.4%,2026-01-17
1165,営業一課,537610,55.5%,2026-02-18
1166,営業二課,538844,62.6%,2026-03-19
1167,開発部,540078,69.7%,2026-04-20
1168,管理部,541312,76.8%,2026-05-21
1169,広報,542546,83.9%,2026-06-22
1170,営業一課,543780,90.0%,2026-07-23
1171,営業二課,545014,97.1%,2026-08-24
1172,開発部,546248,4.2%,2026-09-25
1173,管理部,547482,11.3%,2026-10-26
1174,広報,548716,18.4%,2026-11-27
1175,営業一課,549950,25.5%,2026-12-28
1176,営業二課,551184,32.6%,2026-01-01
1177,開発部,552418,39.7%,2026-02-02
1178,管理部,553652,46.8%,2026-03-03
1179,広報,554886,53.9%,2026-04-04
1180,営業一課,556120,60.0%,2026-05-05
1181,営業二課,557354,67.1%,2026-06-06
1182,開発部,558588,74.2%,2026-07-07
1183,管理部,559822,81.3%,2026-08-08
1184,広報,561056,88.4%,2026-09-09
1185,営業一課,562290,95.5%,2026-10-10
1186,営業二課,563524,2.6%,2026-11-11
1187,開発部,564758,9.7%,2026-12-12
1188,管理部,565992,16.8%,2026-01-13
1189,広報,567226,23.9%,2026-02-14
1190,営業一課,568460,30.0%,2026-03-15
1191,営業二課,569694,37.1%,2026-04-16
1192,開発部,570928,44.2%,2026-05-17
1193,管理部,572162,51.3%,2026-06-18
1194,広報,573396,58.4%,2026-07-19
1195,営業一課,574630,65.5%,2026-08-20
1196,営業二課,575864,72.6%,2026-09-21
1197,開発部,577098,79.7%,2026-10-22
1198,管理部,578332,86.8%,2026-11-23
1199,広報,579566,93.9%,2026-12-24
1200,営業一課,580800,0.0%,2026-01-25
1201,営業二課,582034,7.1%,2026-02-26
1202,開発部,583268,14.2%,2026-03-27
1203,管理部,584502,21.3%,2026-04-28
1204,広報,585736,28.4%,2026-05-01
1205,営業一課,586970,35.5%,2026-06-02
1206,営業二課,588204,42.6%,2026-07-03
1207,開発部,589438,49.7%,2026-08-04
1208,管理部,590672,56.8%,2026-09-05
1209,広報,591906,63.9%,2026-10-06
1210,営業一課,593140,70.0%,2026-11-07
1211,営業二課,594374,77.1%,2026-12-08
1212,開発部,595608,84.2%,2026-01-09
1213,管理部,596842,91.3%,2026-02-10
1214,広報,598076,98.4%,2026-03-11
1215,営業一課,599310,5.5%,2026-04-12
1216,営業二課,600544,12.6%,2026-05-13
1217,開発部,601778,19.7%,2026-06-14
1218,管理部,603012,26.8%,2026-07-15
1219,広報,604246,33.9%,2026-08-16
1220,営業一課,605480,40.0%,2026-09-17
1221,営業二課,606714,47.1%,2026-10-18
1222,開発部,607948,54.2%,2026-11-19
1223,管理部,609182,61.3%,2026-12-20
1224,広報,610416,68.4%,2026-01-21
1225,営業一課,611650,75.5%,2026-02-22
1226,営業二課,612884,82.6%,2026-03-23
1227,開発部,614118,89.7%,2026-04-24
1228,管理部,615352,96.8%,2026-05-25
1229,広報,616586,3.9%,2026-06-26
1230,営業一課,617820,10.0%,2026-07-27
1231,営業二課,619054,17.1%,2026-08-28
1232,開発部,620288,24.2%,2026-09-01
1233,管理部,621522,31.3%,2026-10-02
1234,広報,622756,38.4%,2026-11-03
1235,営業一課,623990,45.5%,2026-12-04
1236,営業二課,625224,52.6%,2026-01-05
1237,開発部,626458,59.7%,2026-02-06
1238,管理部,627692,66.8%,2026-03-07
1239,広報,628926,73.9%,2026-04-08
1240,営業一課,630160,80.0%,2026-05-09
1241,営業二課,631394,87.1%,2026-06-10
1242,開発部,632628,94.2%,2026-07-11
1243,管理部,633862,1.3%,2026-08-12
1244,広報,635096,8.4%,2026-09-13
1245,営業一課,636330,15.5%,2026-10-14
1246,営業二課,637564,22.6%,2026-11-15
1247,開発部,638798,29.7%,2026-12-16
1248,管理部,640032,36.8%,2026-01-17
1249,広報,641266,43.9%,2026-02-18
1250,営業一課,642500,50.0%,2026-03-19
1251,営業二課,643734,57.1%,2026-04-20
1252,開発部,644968,64.2%,2026-05-21
1253,管理部,646202,71.3%,2026-06-22
1254,広報,647436,78.4%,2026-07-23
1255,営業一課,648670,85.5%,2026-08-24
1256,営業二課,649904,92.6%,2026-09-25
1257,開発部,651138,99.7%,2026-10-26
1258,管理部,652372,6.8%,2026-11-27
1259,広報,653606,13.9%,2026-12-28
1260,営業一課,654840,20.0%,2026-01-01
1261,営業二課,656074,27.1%,2026-02-02
1262,開発部,657308,34.2%,2026-03-03
1263,管理部,658542,41.3%,2026-04-04
1264,広報,659776,48.4%,2026-05-05
1265,営業一課,661010,55.5%,2026-06-06
1266,営業二課,662244,62.6%,2026-07-07
1267,開発部,663478,69.7%,2026-08-08
1268,管理部,664712,76.8%,2026-09-09
1269,広報,665946,83.9%,2026-10-10
1270,営業一課,667180,90.0%,2026-11-11
1271,営業二課,668414,97.1%,2026-12-12
1272,開発部,669648,4.2%,2026-01-13
1273,管理部,670882,11.3%,2026-02-14
1274,広報,672116,18.4%,2026-03-15
1275,営業一課,673350,25.5%,2026-04-16
1276,営業二課,674584,32.6%,2026-05-17
1277,開発部,675818,39.7%,2026-06-18
1278,管理部,677052,46.8%,2026-07-19
1279,広報,678286,53.9%,2026-08-20
1280,営業一課,679520,60.0%,2026-09-21
1281,営業二課,680754,67.1%,2026-10-22
1282,開発部,681988,74.2%,2026-11-23
1283,管理部,683222,81.3%,2026-12-24
1284,広報,684456,88.4%,2026-01-25
1285,営業一課,685690,95.5%,2026-02-26
1286,営業二課,686924,2.6%,2026-03-27
1287,開発部,688158,9.7%,2026-04-28
1288,管理部,689392,16.8%,2026-05-01
1289,広報,690626,23.9%,2026-06-02
1290,営業一課,691860,30.0%,2026-07-03
1291,営業二課,693094,37.1%,2026-08-04
1292,開発部,694328,44.2%,2026-09-05
1293,管理部,695562,51.3%,2026-10-06
1294,広報,696796,58.4%,2026-11-07
1295,営業一課,698030,65.5%,2026-12-08
1296,営業二課,699264,72.6%,2026-01-09
1297,開発部,700498,79.7%,2026-02-10
1298,管理部,701732,86.8%,2026-03-11
1299,広報,702966,93.9%,2026-04-12
1300,営業一課,704200,0.0%,2026-05-13
1301,営業二課,705434,7.1%,2026-06-14
1302,開発部,706668,14.2%,2026-07-15
1303,管理部,707902,21.3%,2026-08-16
1304,広報,709136,28.4%,2026-09-17
1305,営業一課,710370,35.5%,2026-10-18
1306,営業二課,711604,42.6%,2026-11-19
1307,開発部,712838,49.7%,2026-12-20
1308,管理部,714072,56.8%,2026-01-21
1309,広報,715306,63.9%,2026-02-22
1310,営業一課,716540,70.0%,2026-03-23
1311,営業二課,717774,77.1%,2026-04-24
1312,開発部,719008,84.2%,2026-05-25
1313,管理部,720242,91.3%,2026-06-26
1314,広報,721476,98.4%,2026-07-27
1315,営業一課,722710,5.5%,2026-08-28
1316,営業二課,723944,12.6%,2026-09-01
1317,開発部,725178,19.7%,2026-10-02
1318,管理部,726412,26.8%,2026-11-03
1319,広報,727646,33.9%,2026-12-04
1320,営業一課,728880,40.0%,2026-01-05
1321,営業二課,730114,47.1%,2026-02-06
1322,開発部,731348,54.2%,2026-03-07
1323,管理部,732582,61.3%,2026-04-08
1324,広報,733816,68.4%,2026-05-09
1325,営業一課,735050,75.5%,2026-06-10
1326,営業二課,736284,82.6%,2026-07-11
1327,開発部,737518,89.7%,2026-08-12
1328,管理部,738752,96.8%,2026-09-13
1329,広報,739986,3.9%,2026-10-14
1330,営業一課,741220,10.0%,2026-11-15
1331,営業二課,742454,17.1%,2026-12-16
1332,開発部,743688,24.2%,2026-01-17
1333,管理部,744922,31.3%,2026-02-18
1334,広報,746156,38.4%,2026-03-19
1335,営業一課,747390,45.5%,2026-04-20
1336,営業二課,748624,52.6%,2026-05-21
1337,開発部,749858,59.7%,2026-06-22
1338,管理部,751092,66.8%,2026-07-23
1339,広報,752326,73.9%,2026-08-24
1340,営業一課,753560,80.0%,2026-09-25
1341,営業二課,754794,87.1%,2026-10-26
1342,開発部,756028,94.2%,2026-11-27
1343,管理部,757262,1.3%,2026-12-28
1344,広報,758496,8.4%,2026-01-01
1345,営業一課,759730,15.5%,2026-02-02
1346,営業二課,760964,22.6%,2026-03-03
1347,開発部,762198,29.7%,2026-04-04
1348,管理部,763432,36.8%,2026-05-05
1349,広報,764666,43.9%,2026-06-06
1350,営業一課,765900,50.0%,2026-07-07
1351,営業二課,767134,57.1%,2026-08-08
1352,開発部,768368,64.2%,2026-09-09
1353,管理部,769602,71.3%,2026-10-10
1354,広報,770836,78.4%,2026-11-11
1355,営業一課,772070,85.5%,2026-12-12
1356,営業二課,773304,92.6%,2026-01-13
1357,開発部,774538,99.7%,2026-02-14
1358,管理部,775772,6.8%,2026-03-15
1359,広報,777006,13.9%,2026-04-16
1360,営業一課,778240,20.0%,2026-05-17
1361,営業二課,779474,27.1%,2026-06-18
1362,開発部,780708,34.2%,2026-07-19
1363,管理部,781942,41.3%,2026-08-20
1364,広報,783176,48.4%,2026-09-21
1365,営業一課,784410,55.5%,2026-10-22
1366,営業二課,785644,62.6%,2026-11-23
1367,開発部,786878,69.7%,2026-12-24
1368,管理部,788112,76.8%,2026-01-25
1369,広報,789346,83.9%,2026-02-26
1370,営業一課,790580,90.0%,2026-03-27
1371,営業二課,791814,97.1%,2026-04-28
1372,開発部,793048,4.2%,2026-05-01
1373,管理部,794282,11.3%,2026-06-02
1374,広報,795516,18.4%,2026-07-03
1375,営業一課,796750,25.5%,2026-08-04
1376,営業二課,797984,32.6%,2026-09-05
1377,開発部,799218,39.7%,2026-10-06
1378,管理部,800452,46.8%,2026-11-07
1379,広報,801686,53.9%,2026-12-08
1380,営業一課,802920,60.0%,2026-01-09
1381,営業二課,804154,67.1%,2026-02-10
1382,開発部,805388,74.2%,2026-03-11
1383,管理部,806622,81.3%,2026-04-12
1384,広報,807856,88.4%,2026-05-13
1385,営業一課,809090,95.5%,2026-06-14
1386,営業二課,810324,2.6%,2026-07-15
1387,開発部,811558,9.7%,2026-08-16
1388,管理部,812792,16.8%,2026-09-17
1389,広報,814026,23.9%,2026-10-18
1390,営業一課,815260,30.0%,2026-11-19
1391,営業二課,816494,37.1%,2026-12-20
1392,開発部,817728,44.2%,2026-01-21
1393,管理部,818962,51.3%,2026-02-22
1394,広報,820196,58.4%,2026-03-23
1395,営業一課,821430,65.5%,2026-04-24
1396,営業二課,822664,72.6%,2026-05-25
1397,開発部,823898,79.7%,2026-06-26
1398,管理部,825132,86.8%,2026-07-27
1399,広報,826366,93.9%,2026-08-28
1400,営業一課,827600,0.0%,2026-09-01
1401,営業二課,828834,7.1%,2026-10-02
1402,開発部,830068,14.2%,2026-11-03
1403,管理部,831302,21.3%,2026-12-04
1404,広報,832536,28.4%,2026-01-05
1405,営業一課,833770,35.5%,2026-02-06
1406,営業二課,835004,42.6%,2026-03-07
1407,開発部,836238,49.7%,2026-04-08
1408,管理部,837472,56.8%,2026-05-09
1409,広報,838706,63.9%,2026-06-10
1410,営業一課,839940,70.0%,2026-07-11
1411,営業二課,841174,77.1%,2026-08-12
1412,開発部,842408,84.2%,2026-09-13
1413,管理部,843642,91.3%,2026-10-14
1414,広報,844876,98.4%,2026-11-15
1415,営業一課,846110,5.5%,2026-12-16
1416,営業二課,847344,12.6%,2026-01-17
1417,開発部,848578,19.7%,2026-02-18
1418,管理部,849812,26.8%,2026-03-19
1419,広報,851046,33.9%,2026-04-20
1420,営業一課,852280,40.0%,2026-05-21
1421,営業二課,853514,47.1%,2026-06-22
1422,開発部,854748,54.2%,2026-07-23
1423,管理部,855982,61.3%,2026-08-24
1424,広報,857216,68.4%,2026-09-25
1425,営業一課,858450,75.5%,2026-10-26
1426,営業二課,859684,82.6%,2026-11-27
1427,開発部,860918,89.7%,2026-12-28
1428,管理部,862152,96.8%,2026-01-01
1429,広報,863386,3.9%,2026-02-02
1430,営業一課,864620,10.0%,2026-03-03
1431,営業二課,865854,17.1%,2026-04-04
1432,開発部,867088,24.2%,2026-05-05
1433,管理部,868322,31.3%,2026-06-06
1434,広報,869556,38.4%,2026-07-07
1435,営業一課,870790,45.5%,2026-08-08
1436,営業二課,872024,52.6%,2026-09-09
1437,開発部,873258,59.7%,2026-10-10
1438,管理部,874492,66.8%,2026-11-11
1439,広報,875726,73.9%,2026-12-12
1440,営業一課,876960,80.0%,2026-01-13
1441,営業二課,878194,87.1%,2026-02-14
1442,開発部,879428,94.2%,2026-03-15
1443,管理部,880662,1.3%,2026-04-16
1444,広報,881896,8.4%,2026-05-17
1445,営業一課,883130,15.5%,2026-06-18
1446,営業二課,884364,22.6%,2026-07-19
1447,開発部,885598,29.7%,2026-08-20
1448,管理部,886832,36.8%,2026-09-21
1449,広報,888066,43.9%,2026-10-22
1450,営業一課,889300,50.0%,2026-11-23
1451,営業二課,890534,57.1%,2026-12-24
1452,開発部,891768,64.2%,2026-01-25
1453,管理部,893002,71.3%,2026-02-26
1454,広報,894236,78.4%,2026-03-27
1455,営業一課,895470,85.5%,2026-04-28
1456,営業二課,896704,92.6%,2026-05-01
1457,開発部,897938,99.7%,2026-06-02
1458,管理部,899172,6.8%,2026-07-03
1459,広報,406,13.9%,2026-08-04
1460,営業一課,1640,20.0%,2026-09-05
1461,営業二課,2874,27.1%,2026-10-06
1462,開発部,4108,34.2%,2026-11-07
1463,管理部,5342,41.3%,2026-12-08
1464,広報,6576,48.4%,2026-01-09
1465,営業一課,7810,55.5%,2026-02-10
1466,営業二課,9044,62.6%,2026-03-11
1467,開発部,10278,69.7%,2026-04-12
1468,管理部,11512,76.8%,2026-05-13
1469,広報,12746,83.9%,2026-06-14
1470,営業一課,13980,90.0%,2026-07-15
1471,営業二課,15214,97.1%,2026-08-16
1472,開発部,16448,4.2%,2026-09-17
1473,管理部,17682,11.3%,2026-10-18
1474,広報,18916,18.4%,2026-11-19
1475,営業一課,20150,25.5%,2026-12-20
1476,営業二課,21384,32.6%,2026-01-21
1477,開発部,22618,39.7%,2026-02-22
1478,管理部,23852,46.8%,2026-03-23
1479,広報,25086,53.9%,2026-04-24
1480,営業一課,26320,60.0%,2026-05-25
1481,営業二課,27554,67.1%,2026-06-26
1482,開発部,28788,74.2%,2026-07-27
1483,管理部,30022,81.3%,2026-08-28
1484,広報,31256,88.4%,2026-09-01
1485,営業一課,32490,95.5%,2026-10-02
1486,営業二課,33724,2.6%,2026-11-03
1487,開発部,34958,9.7%,2026-12-04
1488,管理部,36192,16.8%,2026-01-05
1489,広報,37426,23.9%,2026-02-06
1490,営業一課,38660,30.0%,2026-03-07
1491,営業二課,39894,37.1%,2026-04-08
1492,開発部,41128,44.2%,2026-05-09
1493,管理部,42362,51.3%,2026-06-10
1494,広報,43596,58.4%,2026-07-11
1495,営業一課,44830,65.5%,2026-08-12
1496,営業二課,46064,72.6%,2026-09-13
1497,開発部,47298,79.7%,2026-10-14
1498,管理部,48532,86.8%,2026-11-15
1499,広報,49766,93.9%,2026-12-16
1500,営業一課,51000,0.0%,2026-01-17
1501,営業二課,52234,7.1%,2026-02-18
1502,開発部,53468,14.2%,2026-03-19
1503,管理部,54702,21.3%,2026-04-20
1504,広報,55936,28.4%,2026-05-21
1505,営業一課,57170,35.5%,2026-06-22
1506,営業二課,58404,42.6%,2026-07-23
1507,開発部,59638,49.7%,2026-08-24
1508,管理部,60872,56.8%,2026-09-25
1509,広報,62106,63.9%,2026-10-26
1510,営業一課,63340,70.0%,2026-11-27
1511,営業二課,64574,77.1%,2026-12-28
1512,開発部,65808,84.2%,2026-01-01
1513,管理部,67042,91.3%,2026-02-02
1514,広報,68276,98.4%,2026-03-03
1515,営業一課,69510,5.5%,2026-04-04
1516,営業二課,70744,12.6%,2026-05-05
1517,開発部,71978,19.7%,2026-06-06
1518,管理部,73212,26.8%,2026-07-07
1519,広報,74446,33.9%,2026-08-08
1520,営業一課,75680,40.0%,2026-09-09
1521,営業二課,76914,47.1%,2026-10-10
1522,開発部,78148,54.2%,2026-11-11
1523,管理部,79382,61.3%,2026-12-12
1524,広報,80616,68.4%,2026-01-13
1525,営業一課,81850,75.5%,2026-02-14
1526,営業二課,83084,82.6%,2026-03-15
1527,開発部,84318,89.7%,2026-04-16
1528,管理部,85552,96.8%,2026-05-17
1529,広報,86786,3.9%,2026-06-18
1530,営業一課,88020,10.0%,2026-07-19
1531,営業二課,89254,17.1%,2026-08-20
1532,開発部,90488,24.2%,2026-09-21
1533,管理部,91722,31.3%,2026-10-22
1534,広報,92956,38.4%,2026-11-23
1535,営業一課,94190,45.5%,2026-12-24
1536,営業二課,95424,52.6%,2026-01-25
1537,開発部,96658,59.7%,2026-02-26
1538,管理部,97892,66.8%,2026-03-27
1539,広報,99126,73.9%,2026-04-28
1540,営業一課,100360,80.0%,2026-05-01
1541,営業二課,101594,87.1%,2026-06-02
1542,開発部,102828,94.2%,2026-07-03
1543,管理部,104062,1.3%,2026-08-04
1544,広報,105296,8.4%,2026-09-05
1545,営業一課,106530,15.5%,2026-10-06
1546,営業二課,107764,22.6%,2026-11-07
1547,開発部,108998,29.7%,2026-12-08
1548,管理部,110232,36.8%,2026-01-09
1549,広報,111466,43.9%,2026-02-10
1550,営業一課,112700,50.0%,2026-03-11
1551,営業二課,113934,57.1%,2026-04-12
1552,開発部,115168,64.2%,2026-05-13
1553,管理部,116402,71.3%,2026-06-14
1554,広報,117636,78.4%,2026-07-15
1555,営業一課,118870,85.5%,2026-08-16
1556,営業二課,120104,92.6%,2026-09-17
1557,開発部,121338,99.7%,2026-10-18
1558,管理部,122572,6.8%,2026-11-19
1559,広報,123806,13.9%,2026-12-20
1560,営業一課,125040,20.0%,2026-01-21
1561,営業二課,126274,27.1%,2026-02-22
1562,開発部,127508,34.2%,2026-03-23
1563,管理部,128742,41.3%,2026-04-24
1564,広報,129976,48.4%,2026-05-25
1565,営業一課,131210,55.5%,2026-06-26
1566,営業二課,132444,62.6%,2026-07-27
1567,開発部,133678,69.7%,2026-08-28
1568,管理部,134912,76.8%,2026-09-01
1569,広報,136146,83.9%,2026-10-02
1570,営業一課,137380,90.0%,2026-11-03
1571,営業二課,138614,97.1%,2026-12-04
1572,開発部,139848,4.2%,2026-01-05
1573,管理部,141082,11.3%,2026-02-06
1574,広報,142316,18.4%,2026-03-07
1575,営業一課,143550,25.5%,2026-04-08
1576,営業二課,144784,32.6%,2026-05-09
1577,開発部,146018,39.7%,2026-06-10
1578,管理部,147252,46.8%,2026-07-11
1579,広報,148486,53.9%,2026-08-12
1580,営業一課,149720,60.0%,2026-09-13
1581,営業二課,150954,67.1%,2026-10-14
1582,開発部,152188,74.2%,2026-11-15
1583,管理部,153422,81.3%,2026-12-16
1584,広報,154656,88.4%,2026-01-17
1585,営業一課,155890,95.5%,2026-02-18
1586,営業二課,157124,2.6%,2026-03-19
1587,開発部,158358,9.7%,2026-04-20
1588,管理部,159592,16.8%,2026-05-21
1589,広報,160826,23.9%,2026-06-22
1590,営業一課,162060,30.0%,2026-07-23
1591,営業二課,163294,37.1%,2026-08-24
1592,開発部,164528,44.2%,2026-09-25
1593,管理部,165762,51.3%,2026-10-26
1594,広報,166996,58.4%,2026-11-27
1595,営業一課,168230,65.5%,2026-12-28
1596,営業二課,169464,72.6%,2026-01-01
1597,開発部,170698,79.7%,2026-02-02
1598,管理部,171932,86.8%,2026-03-03
1599,広報,173166,93.9%,2026-04-04
1600,営業一課,174400,0.0%,2026-05-05
1601,営業二課,175634,7.1%,2026-06-06
1602,開発部,176868,14.2%,2026-07-07
1603,管理部,178102,21.3%,2026-08-08
1604,広報,179336,28.4%,2026-09-09
1605,営業一課,180570,35.5%,2026-10-10
1606,営業二課,181804,42.6%,2026-11-11
1607,開発部,183038,49.7%,2026-12-12
1608,管理部,184272,56.8%,2026-01-13
1609,広報,185506,63.9%,2026-02-14
1610,営業一課,186740,70.0%,2026-03-15
1611,営業二課,187974,77.1%,2026-04-16
1612,開発部,189208,84.2%,2026-05-17
1613,管理部,190442,91.3%,2026-06-18
1614,広報,191676,98.4%,2026-07-19
1615,営業一課,192910,5.5%,2026-08-20
1616,営業二課,194144,12.6%,2026-09-21
1617,開発部,195378,19.7%,2026-10-22
1618,管理部,196612,26.8%,2026-11-23
1619,広報,197846,33.9%,2026-12-24
1620,営業一課,199080,40.0%,2026-01-25
1621,営業二課,200314,47.1%,2026-02-26
1622,開発部,201548,54.2%,2026-03-27
1623,管理部,202782,61.3%,2026-04-28
1624,広報,204016,68.4%,2026-05-01
1625,営業一課,205250,75.5%,2026-06-02
1626,営業二課,206484,82.6%,2026-07-03
1627,開発部,207718,89.7%,2026-08-04
1628,管理部,208952,96.8%,2026-09-05
1629,広報,210186,3.9%,2026-10-06
1630,営業一課,211420,10.0%,2026-11-07
1631,営業二課,212654,17.1%,2026-12-08
1632,開発部,213888,24.2%,2026-01-09
1633,管理部,215122,31.3%,2026-02-10
1634,広報,216356,38.4%,2026-03-11
1635,営業一課,217590,45.5%,2026-04-12
1636,営業二課,218824,52.6%,2026-05-13
1637,開発部,220058,59.7%,2026-06-14
1638,管理部,221292,66.8%,2026-07-15
1639,広報,222526,73.9%,2026-08-16
1640,営業一課,223760,80.0%,2026-09-17
1641,営業二課,224994,87.1%,2026-10-18
1642,開発部,226228,94.2%,2026-11-19
1643,管理部,227462,1.3%,2026-12-20
1644,広報,228696,8.4%,2026-01-21
1645,営業一課,229930,15.5%,2026-02-22
1646,営業二課,231164,22.6%,2026-03-23
1647,開発部,232398,29.7%,2026-04-24
1648,管理部,233632,36.8%,2026-05-25
1649,広報,234866,43.9%,2026-06-26
1650,営業一課,236100,50.0%,2026-07-27
1651,営業二課,237334,57.1%,2026-08-28
1652,開発部,238568,64.2%,2026-09-01
1653,管理部,239802,71.3%,2026-10-02
1654,広報,241036,78.4%,2026-11-03
1655,営業一課,242270,85.5%,2026-12-04
1656,営業二課,243504,92.6%,2026-01-05
1657,開発部,244738,99.7%,2026-02-06
1658,管理部,245972,6.8%,2026-03-07
1659,広報,247206,13.9%,2026-04-08
1660,営業一課,248440,20.0%,2026-05-09
1661,営業二課,249674,27.1%,2026-06-10
1662,開発部,250908,34.2%,2026-07-11
1663,管理部,252142,41.3%,2026-08-12
1664,広報,253376,48.4%,2026-09-13
1665,営業一課,254610,55.5%,2026-10-14
1666,営業二課,255844,62.6%,2026-11-15
1667,開発部,257078,69.7%,2026-12-16
1668,管理部,258312,76.8%,2026-01-17
1669,広報,259546,83.9%,2026-02-18
1670,営業一課,260780,90.0%,2026-03-19
1671,営業二課,262014,97.1%,2026-04-20
1672,開発部,263248,4.2%,2026-05-21
1673,管理部,264482,11.3%,2026-06-22
1674,広報,265716,18.4%,2026-07-23
1675,営業一課,266950,25.5%,2026-08-24
1676,営業二課,268184,32.6%,2026-09-25
1677,開発部,269418,39.7%,2026-10-26
1678,管理部,270652,46.8%,2026-11-27
1679,広報,271886,53.9%,2026-12-28
1680,営業一課,273120,60.0%,2026-01-01
1681,営業二課,274354,67.1%,2026-02-02
1682,開発部,275588,74.2%,2026-03-03
1683,管理部,276822,81.3%,2026-04-04
1684,広報,278056,88.4%,2026-05-05
1685,営業一課,279290,95.5%,2026-06-06
1686,営業二課,280524,2.6%,2026-07-07
1687,開発部,281758,9.7%,2026-08-08
1688,管理部,282992,16.8%,2026-09-09
1689,広報,284226,23.9%,2026-10-10
1690,営業一課,285460,30.0%,2026-11-11
1691,営業二課,286694,37.1%,2026-12-12
1692,開発部,287928,44.2%,2026-01-13
1693,管理部,289162,51.3%,2026-02-14
1694,広報,290396,58.4%,2026-03-15
1695,営業一課,291630,65.5%,2026-04-16
1696,営業二課,292864,72.6%,2026-05-17
1697,開発部,294098,79.7%,2026-06-18
1698,管理部,295332,86.8%,2026-07-19
1699,広報,296566,93.9%,2026-08-20
1700,営業一課,297800,0.0%,2026-09-21
1701,営業二課,299034,7.1%,2026-10-22
1702,開発部,300268,14.2%,2026-11-23
1703,管理部,301502,21.3%,2026-12-24
1704,広報,302736,28.4%,2026-01-25
1705,営業一課,303970,35.5%,2026-02-26
1706,営業二課,305204,42.6%,2026-03-27
1707,開発部,306438,49.7%,2026-04-28
1708,管理部,307672,56.8%,2026-05-01
1709,広報,308906,63.9%,2026-06-02
1710,営業一課,310140,70.0%,2026-07-03
1711,営業二課,311374,77.1%,2026-08-04
1712,開発部,312608,84.2%,2026-09-05
1713,管理部,313842,91.3%,2026-10-06
1714,広報,315076,98.4%,2026-11-07
1715,営業一課,316310,5.5%,2026-12-08
1716,営業二課,317544,12.6%,2026-01-09
1717,開発部,318778,19.7%,2026-02-10
1718,管理部,320012,26.8%,2026-03-11
1719,広報,321246,33.9%,2026-04-12
1720,営業一課,322480,40.0%,2026-05-13
1721,営業二課,323714,47.1%,2026-06-14
1722,開発部,324948,54.2%,2026-07-15
1723,管理部,326182,61.3%,2026-08-16
1724,広報,327416,68.4%,2026-09-17
1725,営業一課,328650,75.5%,2026-10-18
1726,営業二課,329884,82.6%,2026-11-19
1727,開発部,331118,89.7%,2026-12-20
1728,管理部,332352,96.8%,2026-01-21
1729,広報,333586,3.9%,2026-02-22
1730,営業一課,334820,10.0%,2026-03-23
1731,営業二課,336054,17.1%,2026-04-24
1732,開発部,337288,24.2%,2026-05-25
1733,管理部,338522,31.3%,2026-06-26
1734,広報,339756,38.4%,2026-07-27
1735,営業一課,340990,45.5%,2026-08-28
1736,営業二課,342224,52.6%,2026-09-01
1737,開発部,343458,59.7%,2026-10-02
1738,管理部,344692,66.8%,2026-11-03
1739,広報,345926,73.9%,2026-12-04
1740,営業一課,347160,80.0%,2026-01-05
1741,営業二課,348394,87.1%,2026-02-06
1742,開発部,349628,94.2%,2026-03-07
1743,管理部,350862,1.3%,2026-04-08
1744,広報,352096,8.4%,2026-05-09
1745,営業一課,353330,15.5%,2026-06-10
1746,営業二課,354564,22.6%,2026-07-11
1747,開発部,355798,29.7%,2026-08-12
1748,管理部,357032,36.8%,2026-09-13
1749,広報,358266,43.9%,2026-10-14
1750,営業一課,359500,50.0%,2026-11-15
1751,営業二課,360734,57.1%,2026-12-16
1752,開発部,361968,64.2%,2026-01-17
1753,管理部,363202,71.3%,2026-02-18
1754,広報,364436,78.4%,2026-03-19
1755,営業一課,365670,85.5%,2026-04-20
1756,営業二課,366904,92.6%,2026-05-21
1757,開発部,368138,99.7%,2026-06-22
1758,管理部,369372,6.8%,2026-07-23
1759,広報,370606,13.9%,2026-08-24
1760,営業一課,371840,20.0%,2026-09-25
1761,営業二課,373074,27.1%,2026-10-26
1762,開発部,374308,34.2%,2026-11-27
1763,管理部,375542,41.3%,2026-12-28
1764,広報,376776,48.4%,2026-01-01
1765,営業一課,378010,55.5%,2026-02-02
1766,営業二課,379244,62.6%,2026-03-03
1767,開発部,380478,69.7%,2026-04-04
1768,管理部,381712,76.8%,2026-05-05
1769,広報,382946,83.9%,2026-06-06
1770,営業一課,384180,90.0%,2026-07-07
1771,営業二課,385414,97.1%,2026-08-08
1772,開発部,386648,4.2%,2026-09-09
1773,管理部,387882,11.3%,2026-10-10
1774,広報,389116,18.4%,2026-11-11
1775,営業一課,390350,25.5%,2026-12-12
1776,営業二課,391584,32.6%,2026-01-13
1777,開発部,392818,39.7%,2026-02-14
1778,管理部,394052,46.8%,2026-03-15
1779,広報,395286,53.9%,2026-04-16
1780,営業一課,396520,60.0%,2026-05-17
1781,営業二課,397754,67.1%,2026-06-18
1782,開発部,398988,74.2%,2026-07-19
1783,管理部,400222,81.3%,2026-08-20
1784,広報,401456,88.4%,2026-09-21
1785,営業一課,402690,95.5%,2026-10-22
1786,営業二課,403924,2.6%,2026-11-23
1787,開発部,405158,9.7%,2026-12-24
1788,管理部,406392,16.8%,2026-01-25
1789,広報,407626,23.9%,2026-02-26
1790,営業一課,408860,30.0%,2026-03-27
1791,営業二課,410094,37.1%,2026-04-28
1792,開発部,411328,44.2%,2026-05-01
1793,管理部,412562,51.3%,2026-06-02
1794,広報,413796,58.4%,2026-07-03
1795,営業一課,415030,65.5%,2026-08-04
1796,営業二課,416264,72.6%,2026-09-05
1797,開発部,417498,79.7%,2026-10-06
1798,管理部,418732,86.8%,2026-11-07
1799,広報,419966,93.9%,2026-12-08
1800,営業一課,421200,0.0%,2026-01-09
1801,営業二課,422434,7.1%,2026-02-10
1802,開発部,423668,14.2%,2026-03-11
1803,管理部,424902,21.3%,2026-04-12
1804,広報,426136,28.4%,2026-05-13
1805,営業一課,427370,35.5%,2026-06-14
1806,営業二課,428604,42.6%,2026-07-15
1807,開発部,429838,49.7%,2026-08-16
1808,管理部,431072,56.8%,2026-09-17
1809,広報,432306,63.9%,2026-10-18
1810,営業一課,433540,70.0%,2026-11-19
1811,営業二課,434774,77.1%,2026-12-20
1812,開発部,436008,84.2%,2026-01-21
1813,管理部,437242,91.3%,2026-02-22
1814,広報,438476,98.4%,2026-03-23
1815,営業一課,439710,5.5%,2026-04-24
1816,営業二課,440944,12.6%,2026-05-25
1817,開発部,442178,19.7%,2026-06-26
1818,管理部,443412,26.8%,2026-07-27
1819,広報,444646,33.9%,2026-08-28
1820,営業一課,445880,40.0%,2026-09-01
1821,営業二課,447114,47.1%,2026-10-02
1822,開発部,448348,54.2%,2026-11-03
1823,管理部,449582,61.3%,2026-12-04
1824,広報,450816,68.4%,2026-01-05
1825,営業一課,452050,75.5%,2026-02-06
1826,営業二課,453284,82.6%,2026-03-07
1827,開発部,454518,89.7%,2026-04-08
1828,管理部,455752,96.8%,2026-05-09
1829,広報,456986,3.9%,2026-06-10
1830,営業一課,458220,10.0%,2026-07-11
1831,営業二課,459454,17.1%,2026-08-12
1832,開発部,460688,24.2%,2026-09-13
1833,管理部,461922,31.3%,2026-10-14
1834,広報,463156,38.4%,2026-11-15
1835,営業一課,464390,45.5%,2026-12-16
1836,営業二課,465624,52.6%,2026-01-17
1837,開発部,466858,59.7%,2026-02-18
1838,管理部,468092,66.8%,2026-03-19
1839,広報,469326,73.9%,2026-04-20
1840,営業一課,470560,80.0%,2026-05-21
1841,営業二課,471794,87.1%,2026-06-22
1842,開発部,473028,94.2%,2026-07-23
1843,管理部,474262,1.3%,2026-08-24
1844,広報,475496,8.4%,2026-09-25
1845,営業一課,476730,15.5%,2026-10-26
1846,営業二課,477964,22.6%,2026-11-27
1847,開発部,479198,29.7%,2026-12-28
1848,管理部,480432,36.8%,2026-01-01
1849,広報,481666,43.9%,2026-02-02
1850,営業一課,482900,50.0%,2026-03-03
1851,営業二課,484134,57.1%,2026-04-04
1852,開発部,485368,64.2%,2026-05-05
1853,管理部,486602,71.3%,2026-06-06
1854,広報,487836,78.4%,2026-07-07
1855,営業一課,489070,85.5%,2026-08-08
1856,営業二課,490304,92.6%,2026-09-09
1857,開発部,491538,99.7%,2026-10-10
1858,管理部,492772,6.8%,2026-11-11
1859,広報,494006,13.9%,2026-12-12
1860,営業一課,495240,20.0%,2026-01-13
1861,営業二課,496474,27.1%,2026-02-14
1862,開発部,497708,34.2%,2026-03-15
1863,管理部,498942,41.3%,2026-04-16
1864,広報,500176,48.4%,2026-05-17
1865,営業一課,501410,55.5%,2026-06-18
1866,営業二課,502644,62.6%,2026-07-19
1867,開発部,503878,69.7%,2026-08-20
1868,管理部,505112,76.8%,2026-09-21
1869,広報,506346,83.9%,2026-10-22
1870,営業一課,507580,90.0%,2026-11-23
1871,営業二課,508814,97.1%,2026-12-24
1872,開発部,510048,4.2%,2026-01-25
1873,管理部,511282,11.3%,2026-02-26
1874,広報,512516,18.4%,2026-03-27
1875,営業一課,513750,25.5%,2026-04-28
1876,営業二課,514984,32.6%,2026-05-01
1877,開発部,516218,39.7%,2026-06-02
1878,管理部,517452,46.8%,2026-07-03
1879,広報,518686,53.9%,2026-08-04
1880,営業一課,519920,60.0%,2026-09-05
1881,営業二課,521154,67.1%,2026-10-06
1882,開発部,522388,74.2%,2026-11-07
1883,管理部,523622,81.3%,2026-12-08
1884,広報,524856,88.4%,2026-01-09
1885,営業一課,526090,95.5%,2026-02-10
1886,営業二課,527324,2.6%,2026-03-11
1887,開発部,528558,9.7%,2026-04-12
1888,管理部,529792,16.8%,2026-05-13
1889,広報,531026,23.9%,2026-06-14
1890,営業一課,532260,30.0%,2026-07-15
1891,営業二課,533494,37.1%,2026-08-16
1892,開発部,534728,44.2%,2026-09-17
1893,管理部,535962,51.3%,2026-10-18
1894,広報,537196,58.4%,2026-11-19
1895,営業一課,538430,65.5%,2026-12-20
1896,営業二課,539664,72.6%,2026-01-21
1897,開発部,540898,79.7%,2026-02-22
1898,管理部,542132,86.8%,2026-03-23
1899,広報,543366,93.9%,2026-04-24
1900,営業一課,544600,0.0%,2026-05-25
1901,営業二課,545834,7.1%,2026-06-26
1902,開発部,547068,14.2%,2026-07-27
1903,管理部,548302,21.3%,2026-08-28
1904,広報,549536,28.4%,2026-09-01
1905,営業一課,550770,35.5%,2026-10-02
1906,営業二課,552004,42.6%,2026-11-03
1907,開発部,553238,49.7%,2026-12-04
1908,管理部,554472,56.8%,2026-01-05
1909,広報,555706,63.9%,2026-02-06
1910,営業一課,556940,70.0%,2026-03-07
1911,営業二課,558174,77.1%,2026-04-08
1912,開発部,559408,84.2%,2026-05-09
1913,管理部,560642,91.3%,2026-06-10
1914,広報,561876,98.4%,2026-07-11
1915,営業一課,563110,5.5%,2026-08-12
1916,営業二課,564344,12.6%,2026-09-13
1917,開発部,565578,19.7%,2026-10-14
1918,管理部,566812,26.8%,2026-11-15
1919,広報,568046,33.9%,2026-12-16
1920,営業一課,569280,40.0%,2026-01-17
1921,営業二課,570514,47.1%,2026-02-18
1922,開発部,571748,54.2%,2026-03-19
1923,管理部,572982,61.3%,2026-04-20
1924,広報,574216,68.4%,2026-05-21
1925,営業一課,575450,75.5%,2026-06-22
1926,営業二課,576684,82.6%,2026-07-23
1927,開発部,577918,89.7%,2026-08-24
1928,管理部,579152,96.8%,2026-09-25
1929,広報,580386,3.9%,2026-10-26
1930,営業一課,581620,10.0%,2026-11-27
1931,営業二課,582854,17.1%,2026-12-28
1932,開発部,584088,24.2%,2026-01-01
1933,管理部,585322,31.3%,2026-02-02
1934,広報,586556,38.4%,2026-03-03
1935,営業一課,587790,45.5%,2026-04-04
1936,営業二課,589024,52.6%,2026-05-05
1937,開発部,590258,59.7%,2026-06-06
1938,管理部,591492,66.8%,2026-07-07
1939,広報,592726,73.9%,2026-08-08
1940,営業一課,593960,80.0%,2026-09-09
1941,営業二課,595194,87.1%,2026-10-10
1942,開発部,596428,94.2%,2026-11-11
1943,管理部,597662,1.3%,2026-12-12
1944,広報,598896,8.4%,2026-01-13
1945,営業一課,600130,15.5%,2026-02-14
1946,営業二課,601364,22.6%,2026-03-15
1947,開発部,602598,29.7%,2026-04-16
1948,管理部,603832,36.8%,2026-05-17
1949,広報,605066,43.9%,2026-06-18
1950,営業一課,606300,50.0%,2026-07-19
1951,営業二課,607534,57.1%,2026-08-20
1952,開発部,608768,64.2%,2026-09-21
1953,管理部,610002,71.3%,2026-10-22
1954,広報,611236,78.4%,2026-11-23
1955,営業一課,612470,85.5%,2026-12-24
1956,営業二課,613704,92.6%,2026-01-25
1957,開発部,614938,99.7%,2026-02-26
1958,管理部,616172,6.8%,2026-03-27
1959,広報,617406,13.9%,2026-04-28
1960,営業一課,618640,20.0%,2026-05-01
1961,営業二課,619874,27.1%,2026-06-02
1962,開発部,621108,34.2%,2026-07-03
1963,管理部,622342,41.3%,2026-08-04
1964,広報,623576,48.4%,2026-09-05
1965,営業一課,624810,55.5%,2026-10-06
1966,営業二課,626044,62.6%,2026-11-07
1967,開発部,627278,69.7%,2026-12-08
1968,管理部,628512,76.8%,2026-01-09
1969,広報,629746,83.9%,2026-02-10
1970,営業一課,630980,90.0%,2026-03-11
1971,営業二課,632214,97.1%,2026-04-12
1972,開発部,633448,4.2%,2026-05-13
1973,管理部,634682,11.3%,2026-06-14
1974,広報,635916,18.4%,2026-07-15
1975,営業一課,637150,25.5%,2026-08-16
1976,営業二課,638384,32.6%,2026-09-17
1977,開発部,639618,39.7%,2026-10-18
1978,管理部,640852,46.8%,2026-11-19
1979,広報,642086,53.9%,2026-12-20
1980,営業一課,643320,60.0%,2026-01-21
1981,営業二課,644554,67.1%,2026-02-22
1982,開発部,645788,74.2%,2026-03-23
1983,管理部,647022,81.3%,2026-04-24
1984,広報,648256,88.4%,2026-05-25
1985,営業一課,649490,95.5%,2026-06-26
1986,営業二課,650724,2.6%,2026-07-27
1987,開発部,651958,9.7%,2026-08-28
1988,管理部,653192,16.8%,2026-09-01
1989,広報,654426,23.9%,2026-10-02
1990,営業一課,655660,30.0%,2026-11-03
1991,営業二課,656894,37.1%,2026-12-04
1992,開発部,658128,44.2%,2026-01-05
1993,管理部,659362,51.3%,2026-02-06
1994,広報,660596,58.4%,2026-03-07
1995,営業一課,661830,65.5%,2026-04-08
1996,営業二課,663064,72.6%,2026-05-09
1997,開発部,664298,79.7%,2026-06-10
1998,管理部,665532,86.8%,2026-07-11
1999,広報,666766,93.9%,2026-08-12
2000,営業一課,668000,0.0%,2026-09-13
